{
    "dataset": "AIFB",
    "sum": "attr",
    "exp": null,
    "epochs": 51,
    "emb": 63,
    "i": 3,
    "lr": 0.01,
    "hl": 16,
    "e_trans": true,
    "w_trans": true,
    "summation accuracy": {
        "epoch": 45,
        "acc": 90.73746312684365
    },
    "mlp accuracy": {
        "epoch": 37,
        "acc": 88.96755162241887
    },
    "attention accuracy": {
        "epoch": 37,
        "acc": 90.50147492625369
    },
    "baseline accuracy": {
        "epoch": 49,
        "acc": 74.45427728613568
    },
    "Test acc summation": {
        "mean": 0.8938053097345132,
        "std": 0.006622402454467135
    },
    "Test acc mlp": {
        "mean": 0.8707964601769911,
        "std": 0.03386040083134336
    },
    "Test acc attention": {
        "mean": 0.8997050147492626,
        "std": 0.012290658794100075
    },
    "Test acc baseline": {
        "mean": 0.7297935103244838,
        "std": 0.008217338216627795
    },
    "Test F1 weighted summation": {
        "mean": 0.933295033031122,
        "std": 0.0038289931965494344
    },
    "Test F1 weighted mlp": {
        "mean": 0.9307174424557485,
        "std": 0.004832376134399333
    },
    "Test F1 weighted attention": {
        "mean": 0.9450673117866565,
        "std": 0.0031399833220173818
    },
    "Test F1 weighted baseline": {
        "mean": 0.8441951409443611,
        "std": 0.0005542047333181062
    },
    "Test F1 macro summation": {
        "mean": 0.5695017291418245,
        "std": 0.003348254467149572
    },
    "Test F1 macro mlp": {
        "mean": 0.5803787250651693,
        "std": 0.004774755723713381
    },
    "Test F1 macro attention": {
        "mean": 0.6156492711944773,
        "std": 0.004015696503371665
    },
    "Test F1 macro baseline": {
        "mean": 0.42023519627100486,
        "std": 0.008876096819077778
    }
}