{
    "dataset": "AIFB",
    "sum": "attr",
    "exp": null,
    "epochs": 100,
    "emb": 63,
    "i": 3,
    "lr": 0.01,
    "hl": 16,
    "summation accuracy": {
        "epoch": 82,
        "acc": 93.17810336748758
    },
    "mlp accuracy": {
        "epoch": 94,
        "acc": 90.11438091595969
    },
    "attention accuracy": {
        "epoch": 63,
        "acc": 91.58496658007303
    },
    "baseline accuracy": {
        "epoch": 57,
        "acc": 82.59803851445517
    },
    "Test acc summation": {
        "mean": 0.9396106600761414,
        "std": 0.0031283247759825946
    },
    "Test acc mlp": {
        "mean": 0.913786252339681,
        "std": 0.007368775767935338
    },
    "Test acc attention": {
        "mean": 0.9320619901021322,
        "std": 0.0033712140207903846
    },
    "Test acc baseline": {
        "mean": 0.8092967867851257,
        "std": 0.007600758606247992
    },
    "Test F1 micro summation": {
        "mean": 0.9459997556311066,
        "std": 0.00306316780259491
    },
    "Test F1 micro mlp": {
        "mean": 0.9296647637198093,
        "std": 0.005287996193378703
    },
    "Test F1 micro attention": {
        "mean": 0.9380267267193915,
        "std": 0.0037721397269971577
    },
    "Test F1 micro baseline": {
        "mean": 0.8512449003398722,
        "std": 0.006184161830177394
    },
    "Test F1 macro summation": {
        "mean": 0.6175673640051035,
        "std": 0.017096878365081284
    },
    "Test F1 macro mlp": {
        "mean": 0.5093086840879704,
        "std": 0.01691444715019744
    },
    "Test F1 macro attention": {
        "mean": 0.5589262951970275,
        "std": 0.023816840335677616
    },
    "Test F1 macro baseline": {
        "mean": 0.4662693015880244,
        "std": 0.013936167895521163
    }
}