{
    "dataset": "AIFB",
    "sum": "attr",
    "exp": null,
    "epochs": 51,
    "emb": 63,
    "i": 1,
    "lr": 0.01,
    "hl": 16,
    "e_trans": true,
    "w_trans": true,
    "create_attr_sum": false,
    "num_sums": 3,
    "summation": {
        "accuracy": {
            "epoch": 38,
            "max": 0.9592233009708738
        },
        "loss": {
            "epoch": -1,
            "max": 0.13629335165023804
        },
        "f1 weighted": {
            "epoch": 38,
            "max": 0.9859741132318147
        },
        "f1 macro": {
            "epoch": 38,
            "max": 0.9848937221947603
        }
    },
    "mlp": {
        "accuracy": {
            "epoch": 28,
            "max": 0.9514563106796117
        },
        "loss": {
            "epoch": -1,
            "max": 0.34439516067504883
        },
        "f1 weighted": {
            "epoch": 29,
            "max": 0.9830035764957399
        },
        "f1 macro": {
            "epoch": 33,
            "max": 0.9782039474872238
        }
    },
    "attention": {
        "accuracy": {
            "epoch": 25,
            "max": 0.9533980582524272
        },
        "loss": {
            "epoch": -1,
            "max": 0.46691614389419556
        },
        "f1 weighted": {
            "epoch": 25,
            "max": 0.984205610121996
        },
        "f1 macro": {
            "epoch": 36,
            "max": 0.9835225048923679
        }
    },
    "baseline": {
        "accuracy": {
            "epoch": 36,
            "max": 0.8388349514563107
        },
        "loss": {
            "epoch": -1,
            "max": 1.0513955354690552
        },
        "f1 weighted": {
            "epoch": 36,
            "max": 0.9231696503924615
        },
        "f1 macro": {
            "epoch": 44,
            "max": 0.8468889284634363
        }
    },
    "Test acc summation": {
        "mean": 0.95,
        "std": 0.0
    },
    "Test acc mlp": {
        "mean": 0.96,
        "std": 0.0
    },
    "Test acc attention": {
        "mean": 0.96,
        "std": 0.0
    },
    "Test acc baseline": {
        "mean": 0.83,
        "std": 0.0
    },
    "Test F1 weighted summation": {
        "mean": 0.98,
        "std": 0.0
    },
    "Test F1 weighted mlp": {
        "mean": 0.99,
        "std": 0.0
    },
    "Test F1 weighted attention": {
        "mean": 0.99,
        "std": 0.0
    },
    "Test F1 weighted baseline": {
        "mean": 0.91,
        "std": 0.0
    },
    "Test F1 macro summation": {
        "mean": 0.97,
        "std": 0.0
    },
    "Test F1 macro mlp": {
        "mean": 0.98,
        "std": 0.0
    },
    "Test F1 macro attention": {
        "mean": 0.98,
        "std": 0.0
    },
    "Test F1 macro baseline": {
        "mean": 0.82,
        "std": 0.0
    }
}