{
    "dataset": "AIFB",
    "sum": "bisim",
    "exp": null,
    "epochs": 51,
    "emb": 64,
    "i": 1,
    "lr": 0.01,
    "hl": 16,
    "e_trans": true,
    "w_trans": true,
    "create_attr_sum": false,
    "summation accuracy": {
        "epoch": 17,
        "acc": 89.51456310679612
    },
    "mlp accuracy": {
        "epoch": 45,
        "acc": 88.7378640776699
    },
    "attention accuracy": {
        "epoch": 42,
        "acc": 91.2621359223301
    },
    "baseline accuracy": {
        "epoch": 48,
        "acc": 80.58252427184466
    },
    "Test acc summation": {
        "mean": 0.9262135922330097,
        "std": 0.0
    },
    "Test acc mlp": {
        "mean": 0.8737864077669902,
        "std": 0.0
    },
    "Test acc attention": {
        "mean": 0.9320388349514563,
        "std": 0.0
    },
    "Test acc baseline": {
        "mean": 0.7922330097087379,
        "std": 0.0
    },
    "Test F1 weighted summation": {
        "mean": 0.9690094313890157,
        "std": 0.0
    },
    "Test F1 weighted mlp": {
        "mean": 0.9430465297963392,
        "std": 0.0
    },
    "Test F1 weighted attention": {
        "mean": 0.9741163967498963,
        "std": 0.0
    },
    "Test F1 weighted baseline": {
        "mean": 0.8984482574839299,
        "std": 0.0
    },
    "Test F1 macro summation": {
        "mean": 0.9648244336494507,
        "std": 0.0
    },
    "Test F1 macro mlp": {
        "mean": 0.9126859901110258,
        "std": 0.0
    },
    "Test F1 macro attention": {
        "mean": 0.9670736281705177,
        "std": 0.0
    },
    "Test F1 macro baseline": {
        "mean": 0.815352886701846,
        "std": 0.0
    }
}