{
    "dataset": "AIFB",
    "sum": "attr",
    "exp": null,
    "epochs": 51,
    "emb": 63,
    "i": 1,
    "lr": 0.01,
    "hl": 16,
    "e_trans": true,
    "w_trans": true,
    "create_attr_sum": false,
    "summation accuracy": {
        "epoch": 43,
        "acc": 91.85840707964601
    },
    "mlp accuracy": {
        "epoch": 29,
        "acc": 89.20353982300885
    },
    "attention accuracy": {
        "epoch": 47,
        "acc": 90.97345132743364
    },
    "baseline accuracy": {
        "epoch": 49,
        "acc": 75.39823008849558
    },
    "Test acc summation": {
        "mean": 0.9362831858407079,
        "std": 0.0
    },
    "Test acc mlp": {
        "mean": 0.8884955752212389,
        "std": 0.0
    },
    "Test acc attention": {
        "mean": 0.9150442477876106,
        "std": 0.0
    },
    "Test acc baseline": {
        "mean": 0.7256637168141593,
        "std": 0.0
    },
    "Test F1 weighted summation": {
        "mean": 0.9567107660981394,
        "std": 0.0
    },
    "Test F1 weighted mlp": {
        "mean": 0.9304833958183755,
        "std": 0.0
    },
    "Test F1 weighted attention": {
        "mean": 0.9436280659081047,
        "std": 0.0
    },
    "Test F1 weighted baseline": {
        "mean": 0.8476062367739335,
        "std": 0.0
    },
    "Test F1 macro summation": {
        "mean": 0.6466447387672019,
        "std": 0.0
    },
    "Test F1 macro mlp": {
        "mean": 0.5603403090192965,
        "std": 0.0
    },
    "Test F1 macro attention": {
        "mean": 0.5860681740588805,
        "std": 0.0
    },
    "Test F1 macro baseline": {
        "mean": 0.44638771082207257,
        "std": 0.0
    }
}