{
    "dataset": "AIFB",
    "sum": "bisim",
    "exp": null,
    "epochs": 100,
    "emb": 64,
    "i": 3,
    "lr": 0.01,
    "hl": 16,
    "summation accuracy": {
        "epoch": 68,
        "acc": 93.7500019868215
    },
    "mlp accuracy": {
        "epoch": 96,
        "acc": 49.22385662794113
    },
    "attention accuracy": {
        "epoch": 97,
        "acc": 78.8807193438212
    },
    "baseline accuracy": {
        "epoch": 96,
        "acc": 84.5588227113088
    },
    "Test acc summation": {
        "mean": 0.9447755416234335,
        "std": 0.0029731082951262753
    },
    "Test acc mlp": {
        "mean": 0.49026619891325635,
        "std": 0.25251367470966446
    },
    "Test acc attention": {
        "mean": 0.8005562225977579,
        "std": 0.00839041479400411
    },
    "Test acc baseline": {
        "mean": 0.8359157840410868,
        "std": 0.008989810395777667
    },
    "Test F1 micro summation": {
        "mean": 0.9431099338538115,
        "std": 0.00181812419961697
    },
    "Test F1 micro mlp": {
        "mean": 0.49530566199032505,
        "std": 0.22639083273162655
    },
    "Test F1 micro attention": {
        "mean": 0.8074843416427386,
        "std": 0.00964636454346933
    },
    "Test F1 micro baseline": {
        "mean": 0.8557457254510462,
        "std": 0.0021269182599643085
    },
    "Test F1 macro summation": {
        "mean": 0.618057246569189,
        "std": 0.002857400718360131
    },
    "Test F1 macro mlp": {
        "mean": 0.13908215110461733,
        "std": 0.019230088736002376
    },
    "Test F1 macro attention": {
        "mean": 0.25561114884993635,
        "std": 0.018559747872575534
    },
    "Test F1 macro baseline": {
        "mean": 0.45951057908068255,
        "std": 0.008442203277361263
    }
}