{
    "dataset": "AIFB",
    "sum": "attr",
    "exp": null,
    "epochs": 51,
    "emb": 63,
    "i": 3,
    "lr": 0.01,
    "hl": 16,
    "summation accuracy": {
        "epoch": 46,
        "acc": 93.0555542310079
    },
    "mlp accuracy": {
        "epoch": 44,
        "acc": 90.48202633857727
    },
    "attention accuracy": {
        "epoch": 44,
        "acc": 90.64542651176453
    },
    "baseline accuracy": {
        "epoch": 31,
        "acc": 85.37581761678061
    },
    "Test acc summation": {
        "mean": 0.9419944286346436,
        "std": 0.0011237192749974567
    },
    "Test acc mlp": {
        "mean": 0.9046483834584554,
        "std": 0.020250526661241015
    },
    "Test acc attention": {
        "mean": 0.9117997686068217,
        "std": 0.008919319575332353
    },
    "Test acc baseline": {
        "mean": 0.8470401366551717,
        "std": 0.009987909676287295
    },
    "Test F1 micro summation": {
        "mean": 0.947264881672837,
        "std": 0.0017161001675026362
    },
    "Test F1 micro mlp": {
        "mean": 0.9159223816400323,
        "std": 0.01998650885964079
    },
    "Test F1 micro attention": {
        "mean": 0.923911030545901,
        "std": 0.008779127976102866
    },
    "Test F1 micro baseline": {
        "mean": 0.873035529168631,
        "std": 0.0022477978918587316
    },
    "Test F1 macro summation": {
        "mean": 0.5976916862516566,
        "std": 0.006090471583246815
    },
    "Test F1 macro mlp": {
        "mean": 0.4611527965327966,
        "std": 0.04289791275051814
    },
    "Test F1 macro attention": {
        "mean": 0.4418059567993309,
        "std": 0.01886839060290859
    },
    "Test F1 macro baseline": {
        "mean": 0.44345630217048376,
        "std": 0.004844380575372784
    }
}