{
    "summation Loss": [
        0.27529844641685486,
        0.17548900842666626,
        0.43468740582466125,
        0.38670140504837036,
        0.3396223187446594,
        0.20835699141025543,
        0.0892469733953476,
        0.09076805412769318,
        0.07350093126296997,
        0.06615938246250153,
        0.06353161484003067,
        0.055598001927137375,
        0.05342479422688484,
        0.04778474569320679,
        0.03501766547560692,
        0.027102770283818245,
        0.024579044431447983,
        0.020683007314801216,
        0.01806805655360222,
        0.018621370196342468,
        0.017954420298337936,
        0.01649213768541813,
        0.015069455839693546,
        0.013435388915240765,
        0.01294897310435772,
        0.012815034948289394,
        0.011409497819840908,
        0.010334397666156292,
        0.01016612071543932,
        0.00952206552028656,
        0.009122205898165703,
        0.006991581525653601,
        0.006741978228092194,
        0.006534910295158625,
        0.00639922684058547,
        0.006159677170217037,
        0.006007702089846134,
        0.0060068704187870026,
        0.005912730935961008,
        0.005802525673061609,
        0.005772985052317381,
        0.005654848180711269,
        0.005586317274719477,
        0.0056021977216005325,
        0.005518001038581133,
        0.005468516144901514,
        0.005443336442112923,
        0.005356730427592993,
        0.005336902104318142,
        0.0053015705198049545,
        0.005253724288195372
    ],
    "mlp Loss": [
        0.5542766451835632,
        0.1310110092163086,
        0.07959211617708206,
        0.07164046168327332,
        0.06471855193376541,
        0.050578758120536804,
        0.05562400445342064,
        0.045276444405317307,
        0.040923960506916046,
        0.04482940956950188,
        0.036289289593696594,
        0.032878756523132324,
        0.03554658591747284,
        0.03237661346793175,
        0.029375115409493446,
        0.028980163857340813,
        0.0273395087569952,
        0.02596418932080269,
        0.02702460251748562,
        0.026376748457551003,
        0.024621693417429924,
        0.02446886897087097,
        0.024945860728621483,
        0.024396387860178947,
        0.023346928879618645,
        0.023265181109309196,
        0.02359156310558319,
        0.02312559075653553,
        0.022695116698741913,
        0.0227401964366436,
        0.02254384197294712,
        0.022194702178239822,
        0.02223413996398449,
        0.022364871576428413,
        0.022070033475756645,
        0.021794645115733147,
        0.02186177484691143,
        0.021830713376402855,
        0.021550538018345833,
        0.021376917138695717,
        0.021351460367441177,
        0.021206175908446312,
        0.021050725132226944,
        0.02097906358540058,
        0.020833255723118782,
        0.02064376138150692,
        0.020543696358799934,
        0.020404145121574402,
        0.020245224237442017,
        0.020149920135736465,
        0.020011428743600845
    ],
    "attention Loss": [
        0.5317407250404358,
        0.2787882387638092,
        1.0046463012695312,
        3.2888612747192383,
        3.1591339111328125,
        4.336465835571289,
        2.493781089782715,
        1.7790906429290771,
        1.730700135231018,
        1.583526849746704,
        1.5626552104949951,
        1.5578895807266235,
        1.5326541662216187,
        1.5555191040039062,
        1.7484722137451172,
        1.7567873001098633,
        1.7069118022918701,
        1.7211211919784546,
        1.5683211088180542,
        1.5685477256774902,
        1.587812900543213,
        1.6005791425704956,
        1.6075775623321533,
        1.6155182123184204,
        1.6712504625320435,
        1.6728969812393188,
        1.6801728010177612,
        1.6868563890457153,
        1.6795871257781982,
        1.6808847188949585,
        1.6238746643066406,
        1.6254923343658447,
        1.6255162954330444,
        1.6265130043029785,
        1.627564549446106,
        1.6292335987091064,
        1.634183645248413,
        1.6348766088485718,
        1.64384126663208,
        1.646636962890625,
        1.6519997119903564,
        1.6466257572174072,
        1.6491379737854004,
        1.6493157148361206,
        1.6491191387176514,
        1.6340452432632446,
        1.618556022644043,
        1.6181108951568604,
        1.6178818941116333,
        1.6173276901245117,
        1.6170573234558105
    ],
    "baseline Loss": [
        0.8724258542060852,
        0.5452662706375122,
        0.35406315326690674,
        0.25622448325157166,
        0.21529518067836761,
        0.16670918464660645,
        0.11264481395483017,
        0.0833556205034256,
        0.07088726758956909,
        0.055891167372465134,
        0.05048535764217377,
        0.037685561925172806,
        0.03227093070745468,
        0.028409719467163086,
        0.02627198025584221,
        0.02406112663447857,
        0.023196442052721977,
        0.02234630472958088,
        0.019579505547881126,
        0.016312966123223305,
        0.014429889619350433,
        0.014361487701535225,
        0.014976948499679565,
        0.014641174115240574,
        0.013510708697140217,
        0.012566943652927876,
        0.012371084652841091,
        0.012576378881931305,
        0.012508661486208439,
        0.012133337557315826,
        0.011786550283432007,
        0.011495576240122318,
        0.01119901891797781,
        0.01098229642957449,
        0.010922356508672237,
        0.010933268815279007,
        0.01084943674504757,
        0.01063560415059328,
        0.010430975817143917,
        0.010304350405931473,
        0.010202191770076752,
        0.010067514143884182,
        0.009932884015142918,
        0.009839693084359169,
        0.009748528711497784,
        0.009597031399607658,
        0.009422818198800087,
        0.009284025989472866,
        0.009190983138978481,
        0.009094136767089367,
        0.008971182629466057
    ]
}