{
    "summation Accuracy": [
        0.39656084179878237,
        0.5928571462631226,
        0.7865079402923584,
        0.8621693015098572,
        0.9182539701461792,
        0.9190476298332214,
        0.9013227581977844,
        0.9285714387893677,
        0.9494709014892578,
        0.9542328000068665,
        0.9505291104316711,
        0.9465608477592469,
        0.9465608477592469,
        0.9449735641479492,
        0.938359797000885,
        0.9298941850662231,
        0.9335978746414184,
        0.941269826889038,
        0.9423280477523803,
        0.9425925850868225,
        0.9452380895614624,
        0.9489417910575867,
        0.9452381014823914,
        0.9394179940223694,
        0.9378307104110718,
        0.9362434029579163,
        0.9402116417884827,
        0.9447089910507203,
        0.9473544836044312,
        0.949735450744629,
        0.9515872955322265,
        0.9521164059638977,
        0.9484127163887024,
        0.9465608477592469,
        0.9457671999931335,
        0.9449735403060913,
        0.9470899343490601,
        0.9484126925468445,
        0.950000011920929,
        0.950000011920929,
        0.9507936596870422,
        0.9481481671333313,
        0.9465608716011047,
        0.9462962985038758,
        0.947089958190918,
        0.9486772656440735,
        0.9497354626655579,
        0.949735450744629,
        0.9502645611763001,
        0.9497354626655579,
        0.9492063641548156
    ],
    "mlp Accuracy": [
        0.40608465671539307,
        0.6304232835769653,
        0.7661375641822815,
        0.8066137552261352,
        0.8460317611694336,
        0.8902116417884827,
        0.9201058149337769,
        0.9312169313430786,
        0.9325396895408631,
        0.9349206328392029,
        0.9375661492347718,
        0.9341269850730896,
        0.9301587343215942,
        0.9275132298469544,
        0.9309523940086365,
        0.9328042387962341,
        0.935449731349945,
        0.9351851940155029,
        0.9328042387962341,
        0.9320105791091919,
        0.929365074634552,
        0.9309523701667786,
        0.9343915343284607,
        0.938095235824585,
        0.9367724776268005,
        0.9373015999794007,
        0.9373015880584716,
        0.9365079402923584,
        0.9365079402923584,
        0.9357143044471741,
        0.9359788417816162,
        0.9359788417816162,
        0.9370370388031006,
        0.9375661373138428,
        0.9386243343353271,
        0.9386243343353271,
        0.9394179940223694,
        0.9399470925331116,
        0.9404761910438537,
        0.9404761910438537,
        0.9404761910438537,
        0.9402116417884827,
        0.9417989492416382,
        0.9425925970077514,
        0.9431216955184937,
        0.9428571462631226,
        0.9407407283782959,
        0.9404761910438537,
        0.9402116417884827,
        0.9407407402992248,
        0.9410053014755249
    ],
    "attention Accuracy": [
        0.2650793641805649,
        0.7494709014892578,
        0.8015873074531555,
        0.8544973492622375,
        0.9103174448013306,
        0.9555555582046509,
        0.9462963104248047,
        0.9248677253723144,
        0.9391534328460693,
        0.9343915462493897,
        0.9365079402923584,
        0.9415343880653382,
        0.9394179940223694,
        0.9285714268684387,
        0.9373015880584716,
        0.9362433910369873,
        0.9367724895477295,
        0.9335978865623474,
        0.9317460298538208,
        0.9349206328392029,
        0.9383597850799561,
        0.9412698388099671,
        0.9399470806121826,
        0.941005289554596,
        0.9394179940223694,
        0.9404761791229248,
        0.941269826889038,
        0.941005277633667,
        0.9417989373207092,
        0.941005289554596,
        0.9404761910438537,
        0.941005289554596,
        0.938359797000885,
        0.9394179940223694,
        0.941005277633667,
        0.9417989373207092,
        0.9439153432846069,
        0.9441799044609069,
        0.9436507940292358,
        0.9433862447738648,
        0.9415343880653382,
        0.9412698388099671,
        0.9417989492416382,
        0.9415343999862671,
        0.9415343880653382,
        0.9425925970077514,
        0.9436507940292358,
        0.9433862447738648,
        0.9431216955184937,
        0.9425925970077514,
        0.9431216835975647
    ],
    "baseline Accuracy": [
        0.5772486746311187,
        0.6182539761066437,
        0.6489417910575866,
        0.688095235824585,
        0.7291005253791809,
        0.7574074149131775,
        0.7695767164230347,
        0.7746031761169434,
        0.7806878447532654,
        0.791269838809967,
        0.8066137433052063,
        0.8174603223800659,
        0.8256613731384277,
        0.8288359642028809,
        0.8312169313430786,
        0.8365079402923584,
        0.8367724776268005,
        0.8420634865760803,
        0.8417989492416382,
        0.8388888955116272,
        0.8373015999794007,
        0.8367724895477295,
        0.8391534328460694,
        0.8396825432777405,
        0.844179892539978,
        0.8515873074531555,
        0.855820107460022,
        0.8600529193878174,
        0.861640214920044,
        0.8619047641754151,
        0.8634920716285706,
        0.864814817905426,
        0.8642857193946838,
        0.8650793671607971,
        0.8648148059844971,
        0.8650793671607971,
        0.8658730149269104,
        0.867460310459137,
        0.8666666507720947,
        0.8682539582252502,
        0.8687830686569213,
        0.870370376110077,
        0.870634925365448,
        0.8722222208976745,
        0.8732804298400879,
        0.8748677372932434,
        0.8751322865486145,
        0.8748677372932434,
        0.8753968358039856,
        0.8751322865486145,
        0.8751322746276855
    ]
}