{
    "sum Loss": [
        0.12460389733314514,
        0.05243932083249092,
        0.036896996200084686,
        0.02801080420613289,
        0.0261994581669569,
        0.024789247661828995,
        0.021261287853121758,
        0.018812673166394234,
        0.018233349546790123,
        0.017437905073165894,
        0.015485578216612339,
        0.014706420712172985,
        0.014375350438058376,
        0.012977476231753826,
        0.011930433101952076,
        0.01169454213231802,
        0.01118993666023016,
        0.010460259392857552,
        0.009662330150604248,
        0.0090578468516469,
        0.008777468465268612,
        0.008439547382295132,
        0.008034833706915379,
        0.007643396500498056,
        0.007210663054138422,
        0.006839731242507696,
        0.006535263266414404,
        0.006218198221176863,
        0.005947417113929987,
        0.005722925998270512,
        0.005507586058229208,
        0.00528297945857048,
        0.005105921998620033,
        0.004949210677295923,
        0.004779238253831863,
        0.004623968619853258,
        0.004472351633012295,
        0.004306195769459009,
        0.004167293664067984,
        0.004040467087179422,
        0.00390971451997757,
        0.0038014380261301994,
        0.0037042340263724327,
        0.00360709591768682,
        0.003509984351694584,
        0.0034197953063994646,
        0.0033473495859652758,
        0.0032837612088769674,
        0.003214358352124691,
        0.0031456477008759975,
        0.0030767449643462896
    ],
    "mlp Loss": [
        0.1729544997215271,
        0.2698982357978821,
        0.18888479471206665,
        0.09671899676322937,
        0.05173676833510399,
        0.1072402223944664,
        0.04512658342719078,
        0.042239729315042496,
        0.041519131511449814,
        0.04728814214468002,
        0.034099262207746506,
        0.033574044704437256,
        0.02999364212155342,
        0.02613508515059948,
        0.020240982994437218,
        0.01994461938738823,
        0.023046469315886497,
        0.018475741147994995,
        0.0142289400100708,
        0.01480778120458126,
        0.013309524394571781,
        0.011536767706274986,
        0.010628491640090942,
        0.011215418577194214,
        0.010220975615084171,
        0.009125415235757828,
        0.008689277805387974,
        0.008335482329130173,
        0.007818563841283321,
        0.007294793613255024,
        0.007025100290775299,
        0.006735732778906822,
        0.006357493810355663,
        0.005948114208877087,
        0.00559357600286603,
        0.005374434869736433,
        0.005200761370360851,
        0.004995923489332199,
        0.004777765832841396,
        0.004599863197654486,
        0.004473961889743805,
        0.004353539552539587,
        0.004253702238202095,
        0.004171913955360651,
        0.004046490415930748,
        0.003932991996407509,
        0.0038675828836858273,
        0.0037998135667294264,
        0.0037118562031537294,
        0.00362014421261847,
        0.00354605820029974
    ],
    "attention Loss": [
        0.3756421208381653,
        0.07893376797437668,
        0.0645747259259224,
        0.06300132721662521,
        0.05395987629890442,
        0.051491037011146545,
        0.04013793542981148,
        0.033462170511484146,
        0.03117857687175274,
        0.029646284878253937,
        0.02726590819656849,
        0.02555636689066887,
        0.023933103308081627,
        0.02239178493618965,
        0.020962290465831757,
        0.020037848502397537,
        0.019415169954299927,
        0.018915627151727676,
        0.01830322854220867,
        0.017539797350764275,
        0.01719539798796177,
        0.01645728386938572,
        0.016024688258767128,
        0.01598939672112465,
        0.01515993569046259,
        0.014846772886812687,
        0.01477932371199131,
        0.014256577007472515,
        0.013940064236521721,
        0.013753519393503666,
        0.013447809033095837,
        0.0132603095844388,
        0.012897147797048092,
        0.012653947807848454,
        0.012491252273321152,
        0.01213675457984209,
        0.01202494278550148,
        0.011738994158804417,
        0.011481009423732758,
        0.011284276843070984,
        0.011036154814064503,
        0.010855455882847309,
        0.010577432811260223,
        0.01038416102528572,
        0.0101691335439682,
        0.00997708085924387,
        0.009779736399650574,
        0.009528208523988724,
        0.009368032217025757,
        0.009111766703426838,
        0.008903227746486664
    ],
    "baseline Loss": [
        0.7581340074539185,
        0.5156412720680237,
        0.3542840778827667,
        0.24228370189666748,
        0.16835932433605194,
        0.12300354242324829,
        0.09661947190761566,
        0.08127975463867188,
        0.07139760255813599,
        0.06370726972818375,
        0.05710718780755997,
        0.051484763622283936,
        0.046751730144023895,
        0.04272473603487015,
        0.039303410798311234,
        0.036436378955841064,
        0.0340103954076767,
        0.03184991702437401,
        0.029808305203914642,
        0.0278389323502779,
        0.02596835047006607,
        0.024205118417739868,
        0.022576864808797836,
        0.02114829421043396,
        0.01998007856309414,
        0.019077785313129425,
        0.018379637971520424,
        0.01777600310742855,
        0.01716706156730652,
        0.016512606292963028,
        0.015825338661670685,
        0.015148415230214596,
        0.014520976692438126,
        0.013971444219350815,
        0.013502533547580242,
        0.013103147968649864,
        0.012758016586303711,
        0.012449577450752258,
        0.012163194827735424,
        0.011891218833625317,
        0.011628850363194942,
        0.011374283581972122,
        0.011128166690468788,
        0.010893492959439754,
        0.01067307684570551,
        0.010470382869243622,
        0.010287403129041195,
        0.010125702247023582,
        0.009985638782382011,
        0.00986479688435793,
        0.00975946057587862
    ]
}