{
    "summation Accuracy": {
        "epoch": 29,
        "acc": 94.01844620704651
    },
    "mlp Accuracy": {
        "epoch": 27,
        "acc": 93.70224118232727
    },
    "attention Accuracy": {
        "epoch": 5,
        "acc": 95.17786622047424
    },
    "baseline Accuracy": {
        "epoch": 49,
        "acc": 88.6693012714386
    }
}