{
    "summation Accuracy": [
        0.4076517164707184,
        0.6857519745826721,
        0.7828495979309082,
        0.7865435242652893,
        0.8422163605690003,
        0.8833773136138916,
        0.9036939382553101,
        0.8986807465553284,
        0.8926121234893799,
        0.8976253390312194,
        0.9052770376205445,
        0.9153034210205078,
        0.9182058095932006,
        0.917941951751709,
        0.9158311367034913,
        0.9129287600517273,
        0.9150395870208741,
        0.9176780939102173,
        0.92163587808609,
        0.9245382428169251,
        0.9234828352928162,
        0.9237467050552368,
        0.9221635818481445,
        0.9218997240066529,
        0.9234828472137451,
        0.9242743968963623,
        0.9250659704208374,
        0.9248021006584167,
        0.9240105628967286,
        0.9234828352928162,
        0.9248021006584167,
        0.9248021125793457,
        0.9237467050552368,
        0.9221635818481445,
        0.9211081743240357,
        0.9203166127204895,
        0.9213720202445984,
        0.9213720440864563,
        0.9218997359275818,
        0.9218997478485107,
        0.9203166246414185,
        0.9203166127204895,
        0.9205804705619812,
        0.9216358900070191,
        0.9218997359275818,
        0.9205804705619812,
        0.9192612171173096,
        0.9195250749588013,
        0.9195250630378723,
        0.9192612171173096,
        0.9192612051963807
    ],
    "mlp Accuracy": [
        0.2931398391723633,
        0.547229552268982,
        0.6715039491653443,
        0.737730872631073,
        0.7741424679756165,
        0.7751978874206543,
        0.7627968430519104,
        0.7530342936515808,
        0.7641160964965821,
        0.8039577722549438,
        0.8406332492828369,
        0.8580474853515625,
        0.8525065779685974,
        0.8427440643310546,
        0.832981526851654,
        0.8353561997413635,
        0.8496042251586914,
        0.8656992077827453,
        0.8741424798965454,
        0.8836411714553833,
        0.8839050173759461,
        0.8804749369621276,
        0.8841688632965088,
        0.8873350858688355,
        0.8918205738067627,
        0.8939314007759094,
        0.8970976352691651,
        0.9007915496826172,
        0.9007915496826172,
        0.9005277037620545,
        0.9023746609687805,
        0.9042216300964355,
        0.9052770495414734,
        0.9050131916999817,
        0.9050131916999817,
        0.9058047533035278,
        0.9081794142723083,
        0.9084432601928711,
        0.9089709639549255,
        0.9089709639549255,
        0.9068601608276368,
        0.9068601608276368,
        0.9071239948272705,
        0.907651710510254,
        0.908443284034729,
        0.9084432721138,
        0.9081794142723083,
        0.906596302986145,
        0.9063324570655823,
        0.9055408954620361,
        0.9065963149070739
    ],
    "attention Accuracy": [
        0.21134564876556397,
        0.7295514583587647,
        0.8015831112861633,
        0.8300791621208191,
        0.8345646500587464,
        0.8277044773101807,
        0.8205804705619812,
        0.8369393110275268,
        0.8757256031036377,
        0.9058047533035278,
        0.9184696555137635,
        0.9242743968963623,
        0.9271767854690551,
        0.9287598848342895,
        0.9271767854690551,
        0.9295514345169067,
        0.9279683232307434,
        0.9306068658828736,
        0.9321899652481079,
        0.9192612051963807,
        0.9295514464378357,
        0.9224274396896363,
        0.9298153042793273,
        0.931134557723999,
        0.9324538230895996,
        0.9229551553726196,
        0.929287588596344,
        0.9324538230895996,
        0.9319261312484741,
        0.9250659584999085,
        0.9279683232307434,
        0.9313984155654907,
        0.9298152923583984,
        0.9234828591346741,
        0.9295514464378357,
        0.932981526851654,
        0.9287598967552185,
        0.9279683470726013,
        0.9321899652481079,
        0.929287588596344,
        0.9290237426757812,
        0.9284960389137268,
        0.927440631389618,
        0.9282321929931641,
        0.9248021125793457,
        0.9284960389137268,
        0.9300791501998902,
        0.9187334895133972,
        0.926385223865509,
        0.9324538230895996,
        0.9007915616035461
    ],
    "baseline Accuracy": [
        0.41899735331535337,
        0.5274406433105469,
        0.6052770376205444,
        0.6548812627792359,
        0.6883904933929443,
        0.7129287719726562,
        0.7313984036445618,
        0.7546174168586731,
        0.7709762692451477,
        0.7825857639312744,
        0.7918205738067627,
        0.798153018951416,
        0.8058047533035279,
        0.8094986796379089,
        0.8121371984481811,
        0.8094986915588379,
        0.8105540990829467,
        0.8121372103691101,
        0.8160949945449829,
        0.8205804705619812,
        0.8250659584999085,
        0.8258575201034546,
        0.8277045011520385,
        0.8300791621208191,
        0.8290237545967102,
        0.831134581565857,
        0.8343007922172546,
        0.8379947185516358,
        0.8419525027275085,
        0.847229540348053,
        0.8477572560310364,
        0.8474933981895447,
        0.8459102869033813,
        0.8464379906654358,
        0.8464379906654358,
        0.8464380025863647,
        0.847229540348053,
        0.8517150402069091,
        0.8535619974136353,
        0.8543535590171814,
        0.8548812747001648,
        0.8535619974136353,
        0.8551451206207276,
        0.8554089784622192,
        0.855672824382782,
        0.855672812461853,
        0.8559366703033447,
        0.8554089784622192,
        0.853825855255127,
        0.855672824382782,
        0.8551451325416565
    ]
}