{
    "sum Loss": [
        0.15475037693977356,
        0.06754700094461441,
        0.053984384983778,
        0.034738197922706604,
        0.03517322614789009,
        0.02802802249789238,
        0.023241214454174042,
        0.022527748718857765,
        0.021062860265374184,
        0.016964733600616455,
        0.013676543720066547,
        0.013806675560772419,
        0.014848521910607815,
        0.01232235785573721,
        0.010791465640068054,
        0.011236422695219517,
        0.011368836276233196,
        0.010478694923222065,
        0.009438117034733295,
        0.009622684679925442,
        0.009881461039185524,
        0.008566121570765972,
        0.008474383503198624,
        0.008858312852680683,
        0.008422431536018848,
        0.0076440866105258465,
        0.007741617504507303,
        0.00824759528040886,
        0.0077330307103693485,
        0.0073890285566449165,
        0.0076134237460792065,
        0.007571319118142128,
        0.007203882094472647,
        0.0071875969879329205,
        0.007333831395953894,
        0.007043204735964537,
        0.007001896854490042,
        0.0071194469928741455,
        0.006929768715053797,
        0.006797729060053825,
        0.0068505508825182915,
        0.006720853038132191,
        0.006696211639791727,
        0.006738049443811178,
        0.00659414054825902,
        0.006541052367538214,
        0.006554262712597847,
        0.006440917495638132,
        0.006454285234212875,
        0.006427893415093422,
        0.006337559316307306
    ],
    "baseline Loss": [
        0.8067027926445007,
        0.40598663687705994,
        0.21904048323631287,
        0.1298513114452362,
        0.09171011298894882,
        0.074959896504879,
        0.0638759508728981,
        0.05453917384147644,
        0.04695786535739899,
        0.041337285190820694,
        0.03688428923487663,
        0.03257036954164505,
        0.028421059250831604,
        0.0249932873994112,
        0.02256918139755726,
        0.021006004884839058,
        0.019955819472670555,
        0.019091995432972908,
        0.018187569454312325,
        0.017126750200986862,
        0.01600060611963272,
        0.015031295828521252,
        0.014360925182700157,
        0.013965271413326263,
        0.01373043842613697,
        0.013549554161727428,
        0.013366599567234516,
        0.013159118592739105,
        0.012942671775817871,
        0.012748868204653263,
        0.012602860108017921,
        0.012517602182924747,
        0.012489919550716877,
        0.012496694922447205,
        0.012512297369539738,
        0.012520570307970047,
        0.01251477375626564,
        0.012500678189098835,
        0.012482856400310993,
        0.012457824312150478,
        0.012419269420206547,
        0.012369565665721893,
        0.012302931398153305,
        0.01221991516649723,
        0.012125924229621887,
        0.012022631242871284,
        0.011916900984942913,
        0.011815477162599564,
        0.011721167713403702,
        0.011628827080130577,
        0.01153518632054329
    ]
}