{
    "Transfer + Attention Accuracy": [
        0.30779391527175903,
        0.6446499228477478,
        0.8599736094474792,
        0.9141347408294678,
        0.9286657571792603,
        0.9035667181015015,
        0.9484808444976807,
        0.9484808444976807,
        0.9458388090133667,
        0.9445178508758545,
        0.9431968331336975,
        0.9445178508758545,
        0.9379128217697144,
        0.9405547976493835,
        0.9405547976493835,
        0.9352707862854004,
        0.9339498281478882,
        0.9379128217697144,
        0.9458388090133667,
        0.9498018622398376,
        0.9511228799819946,
        0.9498018622398376,
        0.9458388090133667,
        0.9418758153915405,
        0.9392338395118713,
        0.9405547976493835,
        0.9379128217697144,
        0.9379128217697144,
        0.9405547976493835,
        0.9431968331336975,
        0.9445178508758545,
        0.9445178508758545,
        0.9458388090133667,
        0.9471598267555237,
        0.9484808444976807,
        0.9484808444976807,
        0.9484808444976807,
        0.9498018622398376,
        0.9484808444976807,
        0.9458388090133667,
        0.9458388090133667,
        0.9458388090133667,
        0.9471598267555237,
        0.9484808444976807,
        0.9484808444976807,
        0.9498018622398376,
        0.9498018622398376,
        0.9498018622398376,
        0.9498018622398376,
        0.9498018622398376,
        0.9498018622398376
    ],
    "Transfer + sum Accuracy": [
        0.39233818650245667,
        0.45046234130859375,
        0.7173051238059998,
        0.8639366030693054,
        0.9339498281478882,
        0.9445178508758545,
        0.9062086939811707,
        0.9009246826171875,
        0.9220607876777649,
        0.9405547976493835,
        0.9431968331336975,
        0.9431968331336975,
        0.9431968331336975,
        0.9498018622398376,
        0.9537648558616638,
        0.9484808444976807,
        0.9471598267555237,
        0.9286657571792603,
        0.9220607876777649,
        0.9299867749214172,
        0.9471598267555237,
        0.9524438381195068,
        0.9550858736038208,
        0.9511228799819946,
        0.9484808444976807,
        0.9445178508758545,
        0.9418758153915405,
        0.9392338395118713,
        0.9352707862854004,
        0.9379128217697144,
        0.9471598267555237,
        0.9511228799819946,
        0.9498018622398376,
        0.9471598267555237,
        0.9458388090133667,
        0.9471598267555237,
        0.9445178508758545,
        0.9365918040275574,
        0.9365918040275574,
        0.9431968331336975,
        0.9471598267555237,
        0.9471598267555237,
        0.9498018622398376,
        0.9484808444976807,
        0.9458388090133667,
        0.9458388090133667,
        0.9445178508758545,
        0.9405547976493835,
        0.9418758153915405,
        0.9445178508758545,
        0.9484808444976807
    ],
    "Embedding Accuracy": [
        0.45970937609672546,
        0.5033025145530701,
        0.5904887914657593,
        0.649933934211731,
        0.6737120151519775,
        0.6869220733642578,
        0.6961690783500671,
        0.6974900960922241,
        0.6974900960922241,
        0.7080581188201904,
        0.7239101529121399,
        0.7556142807006836,
        0.77278733253479,
        0.7780713438987732,
        0.7899603843688965,
        0.7965654134750366,
        0.8005284070968628,
        0.8018494248390198,
        0.8071334362030029,
        0.8084544539451599,
        0.8097754120826721,
        0.8190224766731262,
        0.8269484639167786,
        0.8388375043869019,
        0.8428005576133728,
        0.845442533493042,
        0.8507265448570251,
        0.8520475625991821,
        0.8520475625991821,
        0.8533685803413391,
        0.8546895384788513,
        0.8520475625991821,
        0.8560105562210083,
        0.8573315739631653,
        0.8599736094474792,
        0.8599736094474792,
        0.8599736094474792,
        0.8639366030693054,
        0.8678995966911316,
        0.8692206144332886,
        0.8731836080551147,
        0.8758256435394287,
        0.8784676194190979,
        0.8771466016769409,
        0.8784676194190979,
        0.8797886371612549,
        0.8824306726455688,
        0.8784676194190979,
        0.8784676194190979,
        0.8784676194190979,
        0.8758256435394287
    ],
    "Transfer + mlp Accuracy": [
        0.33025097846984863,
        0.41611623764038086,
        0.4663144052028656,
        0.6737120151519775,
        0.7780713438987732,
        0.8084544539451599,
        0.8124174475669861,
        0.8190224766731262,
        0.8190224766731262,
        0.8216644525527954,
        0.8282694816589355,
        0.8678995966911316,
        0.8982827067375183,
        0.9128137230873108,
        0.9233817458152771,
        0.9286657571792603,
        0.9286657571792603,
        0.9247027635574341,
        0.9220607876777649,
        0.9233817458152771,
        0.9247027635574341,
        0.9247027635574341,
        0.9233817458152771,
        0.9260237812995911,
        0.9286657571792603,
        0.927344799041748,
        0.9299867749214172,
        0.9286657571792603,
        0.9326288104057312,
        0.9352707862854004,
        0.9352707862854004,
        0.9392338395118713,
        0.9365918040275574,
        0.9365918040275574,
        0.9365918040275574,
        0.9365918040275574,
        0.9352707862854004,
        0.9352707862854004,
        0.9339498281478882,
        0.9339498281478882,
        0.9326288104057312,
        0.9313077926635742,
        0.9299867749214172,
        0.9299867749214172,
        0.9299867749214172,
        0.9299867749214172,
        0.9299867749214172,
        0.9299867749214172,
        0.9299867749214172,
        0.927344799041748,
        0.927344799041748
    ],
    "Baseline Accuracy": [
        0.5561426877975464,
        0.20343461632728577,
        0.221928671002388,
        0.24966974556446075,
        0.28137385845184326,
        0.31836196780204773,
        0.3566710650920868,
        0.4663144052028656,
        0.5257595777511597,
        0.5416116118431091,
        0.5640686750411987,
        0.5812417268753052,
        0.6010568141937256,
        0.6063408255577087,
        0.618229866027832,
        0.803170382976532,
        0.8071334362030029,
        0.8071334362030029,
        0.804491400718689,
        0.803170382976532,
        0.8018494248390198,
        0.805812418460846,
        0.805812418460846,
        0.8110964298248291,
        0.8097754120826721,
        0.8097754120826721,
        0.8097754120826721,
        0.8110964298248291,
        0.8097754120826721,
        0.8110964298248291,
        0.8137384653091431,
        0.8150594234466553,
        0.8216644525527954,
        0.8322324752807617,
        0.8335534930229187,
        0.8348745107650757,
        0.8361955285072327,
        0.8361955285072327,
        0.8361955285072327,
        0.8375164866447449,
        0.8375164866447449,
        0.8375164866447449,
        0.8428005576133728,
        0.845442533493042,
        0.8520475625991821,
        0.8520475625991821,
        0.8705416321754456,
        0.8758256435394287,
        0.8758256435394287,
        0.8916776776313782,
        0.8916776776313782
    ]
}