{
    "summation Loss": [
        0.9536999225616455,
        0.507581102848053,
        0.3076303541660309,
        0.18167821168899537,
        0.12021815329790116,
        0.09263229519128799,
        0.07803991883993149,
        0.0692559041082859,
        0.06337863206863403,
        0.058444204926490786,
        0.05422286614775658,
        0.04897761195898056,
        0.044886990636587146,
        0.04286722913384437,
        0.0412926509976387,
        0.038860767334699634,
        0.03635554760694504,
        0.034767775982618335,
        0.03380680046975613,
        0.032192719355225566,
        0.030822259560227393,
        0.029594839736819267,
        0.02830975465476513,
        0.026811375468969344,
        0.025484796985983847,
        0.0247268408536911,
        0.024374372139573098,
        0.02300228103995323,
        0.02218492068350315,
        0.021393437683582307,
        0.02066051997244358,
        0.019953640550374983,
        0.019345125928521157,
        0.01888369843363762,
        0.01844535320997238,
        0.01798785850405693,
        0.01759583633393049,
        0.017271482944488527,
        0.016940643824636937,
        0.01658021565526724,
        0.016256738640367984,
        0.015988444350659846,
        0.015731054171919823,
        0.015469867177307606,
        0.015230072475969792,
        0.015008133836090565,
        0.014792153611779213,
        0.014598505198955536,
        0.014426098950207234,
        0.0142466239631176,
        0.014053761959075928
    ],
    "mlp Loss": [
        0.8036836862564087,
        0.5289081037044525,
        0.35648033618927,
        0.22562353312969208,
        0.14780977815389634,
        0.11067898720502853,
        0.09303738623857498,
        0.0815054178237915,
        0.07135314717888833,
        0.06272416561841965,
        0.05673744976520538,
        0.05281971171498299,
        0.049890583753585814,
        0.04713872671127319,
        0.043418657034635544,
        0.0395617850124836,
        0.03669714778661728,
        0.035189004987478255,
        0.03456115797162056,
        0.03369682878255844,
        0.03230086863040924,
        0.03081601336598396,
        0.029415275156497955,
        0.02806839793920517,
        0.027018456533551217,
        0.026339432597160338,
        0.02570628933608532,
        0.024922799691557883,
        0.02405841536819935,
        0.0232431024312973,
        0.022594238445162774,
        0.022159790247678758,
        0.021837881579995156,
        0.02145279347896576,
        0.020946117863059045,
        0.020402609556913375,
        0.019931573793292044,
        0.01957062482833862,
        0.019296710565686225,
        0.019048404693603516,
        0.018769346177577972,
        0.0184606172144413,
        0.018170657381415368,
        0.01794053539633751,
        0.01776060126721859,
        0.017590752989053726,
        0.017412605136632918,
        0.01722567044198513,
        0.017031056806445122,
        0.01685159094631672,
        0.01669961363077164
    ],
    "attention Loss": [
        0.6960904479026795,
        0.5490870654582978,
        0.311109322309494,
        0.15792732536792756,
        0.1184033364057541,
        0.09455612450838088,
        0.09021728634834289,
        0.0782434180378914,
        0.05962095856666565,
        0.056618955731391904,
        0.05067086219787598,
        0.0485585518181324,
        0.044085892289876936,
        0.03940581232309341,
        0.03696998357772827,
        0.035306346416473386,
        0.03382683321833611,
        0.03196003660559654,
        0.031298966333270076,
        0.030632109567523002,
        0.029725402221083642,
        0.028825320675969122,
        0.02814927101135254,
        0.02721298411488533,
        0.026590259000658988,
        0.025857020169496536,
        0.025267284363508224,
        0.024861596152186395,
        0.02449216730892658,
        0.02407115176320076,
        0.023603223636746405,
        0.02316830977797508,
        0.022865276783704758,
        0.022661077231168746,
        0.02243836931884289,
        0.02217065282166004,
        0.021919413283467293,
        0.021729754656553267,
        0.021554562821984292,
        0.021350052580237387,
        0.021151864528656007,
        0.020981886982917787,
        0.02083495706319809,
        0.020694370567798614,
        0.020539167150855065,
        0.020389479026198386,
        0.02025924250483513,
        0.020127539336681367,
        0.019993771985173225,
        0.019864339008927347,
        0.019736969098448753
    ],
    "baseline Loss": [
        0.7728060722351074,
        0.5433134317398072,
        0.3883682191371918,
        0.2770795673131943,
        0.20095928609371186,
        0.1524169385433197,
        0.12230401784181595,
        0.10297764539718628,
        0.08949946612119675,
        0.07913013696670532,
        0.07074185907840728,
        0.06401600912213326,
        0.05868630558252334,
        0.05422252267599106,
        0.050130410492420195,
        0.04624029844999313,
        0.042599864304065704,
        0.039335953444242476,
        0.03653373941779137,
        0.03420049026608467,
        0.03225751370191574,
        0.030589121207594872,
        0.029109566286206246,
        0.027794557437300683,
        0.026656537875533105,
        0.025704020634293556,
        0.024919753894209862,
        0.024270908534526826,
        0.023727962002158164,
        0.023267222940921782,
        0.02286927178502083,
        0.02251633070409298,
        0.022198833152651788,
        0.021910005435347556,
        0.02164580747485161,
        0.021408335864543916,
        0.021199553459882736,
        0.021015606448054315,
        0.020854702964425088,
        0.02071217931807041,
        0.020586974918842316,
        0.020472500845789908,
        0.020363378152251244,
        0.020254287496209146,
        0.020143324881792067,
        0.020029625669121743,
        0.019911352172493936,
        0.01978950798511505,
        0.019662587344646452,
        0.019529875740408896,
        0.019392068311572076
    ]
}