{
    "attention Accuracy": {
        "epoch": -1,
        "acc": 38.35978806018829
    },
    "baseline Accuracy": {
        "epoch": -1,
        "acc": 29.232802987098694
    },
    "emb": 63,
    "lr": 0.01,
    "k": 1
}