{
    "summation Accuracy": {
        "epoch": 18,
        "acc": 93.4036910533905
    },
    "mlp Accuracy": {
        "epoch": 24,
        "acc": 91.42480492591858
    },
    "attention Accuracy": {
        "epoch": 10,
        "acc": 95.11873126029968
    },
    "baseline Accuracy": {
        "epoch": 32,
        "acc": 85.48812866210938
    }
}