{
    "summation Loss": [
        0.13196394741535186,
        0.06990994587540626,
        0.04530295208096504,
        0.03862190991640091,
        0.03527294397354126,
        0.031084442511200905,
        0.02688675597310066,
        0.0235859427601099,
        0.021611684188246726,
        0.02057354412972927,
        0.019823240488767623,
        0.019008132815361022,
        0.018067602440714835,
        0.01712697818875313,
        0.016338183730840682,
        0.015703456290066243,
        0.01515322234481573,
        0.014692800864577294,
        0.01436591036617756,
        0.01416540313512087,
        0.014004742726683617,
        0.013787942193448543,
        0.013514655269682407,
        0.013270084373652935,
        0.013118620961904526,
        0.01304525900632143,
        0.01298338696360588,
        0.012887396477162838,
        0.012755290046334267,
        0.0126151779666543,
        0.012494007684290409,
        0.012398692406713962,
        0.012310387380421162,
        0.01220933422446251,
        0.012098607048392296,
        0.011988135427236557,
        0.011877216771245003,
        0.011765618808567524,
        0.011660546250641345,
        0.011569500900804996,
        0.011487745866179466,
        0.01140631064772606,
        0.011327246949076653,
        0.011251178197562694,
        0.011177519336342812,
        0.011106755957007408,
        0.011038193851709366,
        0.010970357805490494,
        0.01089912634342909,
        0.01082611046731472,
        0.01075692642480135
    ],
    "mlp Loss": [
        0.28815587759017947,
        0.18359203040599822,
        0.1237895980477333,
        0.091767817735672,
        0.07383904457092286,
        0.06358312740921974,
        0.05773607045412064,
        0.05369900837540627,
        0.05006527230143547,
        0.046575625985860826,
        0.043355357646942136,
        0.040554875135421754,
        0.03831890597939491,
        0.03671950846910477,
        0.03563609719276428,
        0.03478589877486229,
        0.03390917927026749,
        0.03293367847800255,
        0.0319325502961874,
        0.031018322333693504,
        0.030268554016947745,
        0.029700204730033875,
        0.02928430698812008,
        0.028973868861794472,
        0.028724025189876556,
        0.028500401601195335,
        0.0282808355987072,
        0.02805650755763054,
        0.02783120274543762,
        0.02761540524661541,
        0.02742026038467884,
        0.027254191786050798,
        0.02712150402367115,
        0.027021167799830437,
        0.02694725655019283,
        0.026891127973794938,
        0.026846979930996894,
        0.026815830916166305,
        0.026803112030029295,
        0.026812070235610008,
        0.02683935724198818,
        0.026875635609030724,
        0.02691076770424843,
        0.02693769820034504,
        0.02695474624633789,
        0.02696479745209217,
        0.02697329893708229,
        0.02698540985584259,
        0.027002759650349616,
        0.02702176198363304,
        0.02703525796532631
    ],
    "attention Loss": [
        0.2864457368850708,
        0.08814478665590286,
        0.05469447672367096,
        0.04484555870294571,
        0.03978187143802643,
        0.03776612058281899,
        0.03388462662696838,
        0.030884077399969102,
        0.02980915904045105,
        0.027456599101424218,
        0.027395154163241387,
        0.02665572054684162,
        0.0237259604036808,
        0.02282518371939659,
        0.02305663712322712,
        0.02212548591196537,
        0.021055254712700845,
        0.020845158025622368,
        0.020809247344732284,
        0.020633480697870254,
        0.020332811400294304,
        0.020024796947836876,
        0.019711712002754213,
        0.01928943321108818,
        0.01893913894891739,
        0.018839103728532793,
        0.018666622415184974,
        0.018383770436048507,
        0.01813347302377224,
        0.017957835271954537,
        0.0179683655500412,
        0.017860931158065797,
        0.01760847568511963,
        0.01759580634534359,
        0.017522289231419564,
        0.0172897819429636,
        0.01713893823325634,
        0.01712472513318062,
        0.01700301170349121,
        0.016862199828028678,
        0.016875745728611946,
        0.016809193044900896,
        0.016692201420664788,
        0.016677166521549224,
        0.016616370342671872,
        0.016510233096778393,
        0.016470221057534217,
        0.016388753801584242,
        0.01632307842373848,
        0.016283471323549747,
        0.016191893257200718
    ],
    "baseline Loss": [
        0.833050262928009,
        0.645263159275055,
        0.5140156149864197,
        0.4112707555294037,
        0.3279619634151459,
        0.26158819198608396,
        0.21035924851894378,
        0.17181308716535568,
        0.1433250844478607,
        0.1224090427160263,
        0.10688510537147522,
        0.09492862075567246,
        0.08532705157995224,
        0.07740868926048279,
        0.07076518535614014,
        0.06511814296245574,
        0.06028573289513588,
        0.056171727180480954,
        0.052724803984165194,
        0.04986913651227951,
        0.04745483919978142,
        0.04528912603855133,
        0.04320861175656319,
        0.041163192689418794,
        0.039207141101360324,
        0.037440739944577216,
        0.035930316895246506,
        0.03467803299427032,
        0.03362073339521885,
        0.032682538777589795,
        0.031806957349181174,
        0.030965185910463332,
        0.030154420435428618,
        0.02938501313328743,
        0.028669153898954393,
        0.028015085309743882,
        0.027425790950655938,
        0.026903973519802095,
        0.02644975855946541,
        0.026055459678173066,
        0.025711890310049057,
        0.02540652044117451,
        0.02512509487569332,
        0.024856099858880043,
        0.024592168629169464,
        0.024331331625580786,
        0.024073106795549394,
        0.023819902911782265,
        0.023575372993946075,
        0.023340288922190665,
        0.023112592101097108
    ]
}