{
    "Sum Loss 0": [
        0.743620753288269,
        0.422017365694046,
        0.2130441963672638,
        0.11749165505170822,
        0.08924483507871628,
        0.08265876024961472,
        0.07371797412633896,
        0.06926729530096054,
        0.06543008238077164,
        0.059612493962049484,
        0.052904605865478516,
        0.0526777021586895,
        0.04996069148182869,
        0.04626600071787834,
        0.04389844462275505,
        0.04331089183688164,
        0.04189443215727806,
        0.04025515168905258,
        0.038216788321733475,
        0.036658041179180145,
        0.03564728423953056,
        0.0348394475877285,
        0.03450747951865196,
        0.033767297863960266,
        0.03270375728607178,
        0.03182769566774368,
        0.03129057213664055,
        0.030857041478157043,
        0.030518246814608574,
        0.03032591938972473,
        0.030094318091869354,
        0.029790518805384636,
        0.02948000468313694,
        0.029099415987730026,
        0.02864725887775421,
        0.028192251920700073,
        0.02778465673327446,
        0.027522169053554535,
        0.027449969202280045,
        0.02739883027970791,
        0.027208667248487473,
        0.026931259781122208,
        0.026666631922125816,
        0.02644844725728035,
        0.026302361860871315,
        0.02616012655198574,
        0.026012497022747993,
        0.025891251862049103,
        0.025763949379324913,
        0.02563243918120861,
        0.025502363219857216
    ],
    "Sum Loss 1": [
        0.2647577226161957,
        0.09617605060338974,
        0.09644773602485657,
        0.0854264348745346,
        0.07851169258356094,
        0.0724930688738823,
        0.06706411391496658,
        0.0624033659696579,
        0.05758022144436836,
        0.05433327704668045,
        0.052908070385456085,
        0.050496455281972885,
        0.04929671436548233,
        0.04838187247514725,
        0.047870758920907974,
        0.04675627127289772,
        0.04544975608587265,
        0.04475884512066841,
        0.043491262942552567,
        0.042241305112838745,
        0.041808899492025375,
        0.04141251742839813,
        0.04066893085837364,
        0.040086038410663605,
        0.039858315140008926,
        0.03952639549970627,
        0.03890599310398102,
        0.03835337981581688,
        0.037972863763570786,
        0.03759697452187538,
        0.037249501794576645,
        0.03698702156543732,
        0.036626625806093216,
        0.0361747145652771,
        0.03589743375778198,
        0.035753484815359116,
        0.03549737483263016,
        0.03516680747270584,
        0.034893836826086044,
        0.03465188294649124,
        0.03443913534283638,
        0.03427791967988014,
        0.034107618033885956,
        0.03386181965470314,
        0.03360055759549141,
        0.03340594470500946,
        0.03324028104543686,
        0.0330658033490181,
        0.03288722410798073,
        0.032694585621356964,
        0.032495565712451935
    ],
    "Sum Loss 2": [
        0.384759783744812,
        0.12030000239610672,
        0.07664921134710312,
        0.07004624605178833,
        0.06504389643669128,
        0.06331755965948105,
        0.06246928870677948,
        0.057733070105314255,
        0.054188214242458344,
        0.053257882595062256,
        0.05124441906809807,
        0.04716011509299278,
        0.04594185948371887,
        0.04748943820595741,
        0.045688215643167496,
        0.04442642629146576,
        0.04356265068054199,
        0.042772866785526276,
        0.041523948311805725,
        0.04024443402886391,
        0.03939969465136528,
        0.039219267666339874,
        0.03853955864906311,
        0.037532269954681396,
        0.03683988377451897,
        0.036536432802677155,
        0.036147017031908035,
        0.035803135484457016,
        0.03564607352018356,
        0.03538031131029129,
        0.03505692258477211,
        0.034750718623399734,
        0.034535255283117294,
        0.03434636443853378,
        0.034134961664676666,
        0.03391408175230026,
        0.03372342512011528,
        0.033597301691770554,
        0.03345911204814911,
        0.03331257775425911,
        0.03314051032066345,
        0.032959725707769394,
        0.03278319165110588,
        0.03263581544160843,
        0.032521285116672516,
        0.03240891173481941,
        0.03226309269666672,
        0.03207447752356529,
        0.031912077218294144,
        0.03179213032126427,
        0.03169579431414604
    ],
    "Transfer + sum Loss": [
        0.15642236173152924,
        0.05945547670125961,
        0.04334265738725662,
        0.040364231914281845,
        0.034680187702178955,
        0.032867006957530975,
        0.03336701542139053,
        0.030470212921500206,
        0.02815863862633705,
        0.027399783954024315,
        0.026428867131471634,
        0.023899585008621216,
        0.021834328770637512,
        0.021472785621881485,
        0.021086301654577255,
        0.01969260722398758,
        0.01846827194094658,
        0.017998162657022476,
        0.017645180225372314,
        0.016989093273878098,
        0.01660005934536457,
        0.016548166051506996,
        0.016297603026032448,
        0.015686873346567154,
        0.015180466696619987,
        0.015057997778058052,
        0.014969748444855213,
        0.01466858759522438,
        0.01436643023043871,
        0.014176500029861927,
        0.014006164856255054,
        0.013894664123654366,
        0.013870063237845898,
        0.013765795156359673,
        0.013583557680249214,
        0.013477361761033535,
        0.013404461555182934,
        0.013268987648189068,
        0.013136534951627254,
        0.01306175533682108,
        0.012974352575838566,
        0.012854370288550854,
        0.012780827470123768,
        0.012726075947284698,
        0.01261674053966999,
        0.012509772554039955,
        0.012449492700397968,
        0.012372075580060482,
        0.01228169072419405,
        0.012217700481414795,
        0.01215288694947958
    ],
    "Baseline Loss": [
        0.6935099363327026,
        0.6790732741355896,
        0.6580261588096619,
        0.6280964612960815,
        0.5886619687080383,
        0.5404577851295471,
        0.4853672683238983,
        0.42632627487182617,
        0.3670271635055542,
        0.31099188327789307,
        0.26099151372909546,
        0.21862533688545227,
        0.18420624732971191,
        0.15708081424236298,
        0.13608410954475403,
        0.11993397772312164,
        0.1074770838022232,
        0.09777044504880905,
        0.09008201956748962,
        0.08385475724935532,
        0.07867603749036789,
        0.07427340745925903,
        0.07048843055963516,
        0.06723953783512115,
        0.0644829198718071,
        0.06218040734529495,
        0.06028019264340401,
        0.05870707333087921,
        0.057360731065273285,
        0.05613481625914574,
        0.05494796112179756,
        0.05376312881708145,
        0.052587784826755524,
        0.051458436995744705,
        0.05041796714067459,
        0.04949668049812317,
        0.04870519042015076,
        0.04803812503814697,
        0.047480929642915726,
        0.04701317101716995,
        0.046609554439783096,
        0.04624329134821892,
        0.04589247703552246,
        0.04554551839828491,
        0.04520103707909584,
        0.04486339911818504,
        0.04453849047422409,
        0.04423247277736664,
        0.04395047947764397,
        0.04369520768523216,
        0.04346511512994766
    ]
}