{
    "sum Accuracy": [
        0.6842800378799438,
        0.77278733253479,
        0.8903566598892212,
        0.9260237812995911,
        0.8705416321754456,
        0.9537648558616638,
        0.9431968331336975,
        0.9379128217697144,
        0.9365918040275574,
        0.9365918040275574,
        0.9299867749214172,
        0.9260237812995911,
        0.9286657571792603,
        0.9471598267555237,
        0.9431968331336975,
        0.9484808444976807,
        0.9458388090133667,
        0.9431968331336975,
        0.9431968331336975,
        0.9445178508758545,
        0.9484808444976807,
        0.9524438381195068,
        0.9537648558616638,
        0.9537648558616638,
        0.9524438381195068,
        0.9511228799819946,
        0.9445178508758545,
        0.9458388090133667,
        0.9458388090133667,
        0.9471598267555237,
        0.9458388090133667,
        0.9471598267555237,
        0.9498018622398376,
        0.9484808444976807,
        0.9458388090133667,
        0.9484808444976807,
        0.9471598267555237,
        0.9498018622398376,
        0.9498018622398376,
        0.9498018622398376,
        0.9471598267555237,
        0.9471598267555237,
        0.9458388090133667,
        0.9458388090133667,
        0.9458388090133667,
        0.9484808444976807,
        0.9511228799819946,
        0.9498018622398376,
        0.9471598267555237,
        0.9484808444976807,
        0.9511228799819946
    ],
    "baseline Accuracy": [
        0.4570673704147339,
        0.5653896927833557,
        0.7186261415481567,
        0.7701452970504761,
        0.7714663147926331,
        0.7754293084144592,
        0.7912814021110535,
        0.8177014589309692,
        0.844121515750885,
        0.8533685803413391,
        0.8573315739631653,
        0.8599736094474792,
        0.8665785789489746,
        0.8758256435394287,
        0.8705416321754456,
        0.8718625903129578,
        0.8758256435394287,
        0.8745046257972717,
        0.8731836080551147,
        0.8758256435394287,
        0.8745046257972717,
        0.8731836080551147,
        0.8758256435394287,
        0.8731836080551147,
        0.8771466016769409,
        0.8797886371612549,
        0.8811096549034119,
        0.8797886371612549,
        0.8797886371612549,
        0.8784676194190979,
        0.8784676194190979,
        0.8771466016769409,
        0.8824306726455688,
        0.8811096549034119,
        0.8824306726455688,
        0.8824306726455688,
        0.8811096549034119,
        0.883751630783081,
        0.8811096549034119,
        0.8824306726455688,
        0.883751630783081,
        0.883751630783081,
        0.886393666267395,
        0.886393666267395,
        0.885072648525238,
        0.886393666267395,
        0.886393666267395,
        0.885072648525238,
        0.883751630783081,
        0.885072648525238,
        0.883751630783081
    ]
}