{
    "summation Accuracy": [
        0.6218708753585815,
        0.7138339757919312,
        0.7923583507537841,
        0.8505928993225098,
        0.8787878751754761,
        0.9061923503875733,
        0.9172595500946045,
        0.9312252879142762,
        0.9444005370140076,
        0.9488801121711731,
        0.9436100244522094,
        0.9388669252395629,
        0.9343873500823975,
        0.9330698370933532,
        0.9322793126106262,
        0.930961799621582,
        0.930961799621582,
        0.9293807744979858,
        0.9309617877006531,
        0.9343873500823975,
        0.9386034369468689,
        0.9412384748458862,
        0.9415019750595093,
        0.9399209380149841,
        0.9396574378013611,
        0.9378129243850708,
        0.939130437374115,
        0.938339912891388,
        0.9364953875541687,
        0.939130425453186,
        0.9407114624977112,
        0.9412384748458862,
        0.9417654871940613,
        0.9420289874076844,
        0.9425559997558594,
        0.9409749746322632,
        0.939393937587738,
        0.938866937160492,
        0.939393937587738,
        0.9412384629249573,
        0.9415019631385804,
        0.9420289874076844,
        0.9422924757003784,
        0.9422924876213074,
        0.9428194999694824,
        0.9420289874076844,
        0.9415019869804382,
        0.9409749746322632,
        0.9409749627113342,
        0.9415019869804382,
        0.9417654871940613
    ],
    "baseline Accuracy": [
        0.4015810310840607,
        0.5562582373619079,
        0.6490118622779846,
        0.6977602124214173,
        0.7259552001953125,
        0.7407114624977111,
        0.7491436004638672,
        0.7633728504180908,
        0.7757575869560241,
        0.7884057998657227,
        0.809486186504364,
        0.8295125365257263,
        0.8416337370872498,
        0.8445322751998902,
        0.8424242377281189,
        0.8374176502227784,
        0.8368906378746033,
        0.8400526881217957,
        0.8447957873344422,
        0.8511198997497559,
        0.8537549257278443,
        0.852700924873352,
        0.852437424659729,
        0.8534914374351501,
        0.8553359627723693,
        0.8584980249404908,
        0.860869574546814,
        0.8661396622657775,
        0.8677206873893738,
        0.8650856375694275,
        0.8648221492767334,
        0.8642951250076294,
        0.8632411122322082,
        0.8600790500640869,
        0.860606050491333,
        0.861133074760437,
        0.8637681245803833,
        0.8653491497039795,
        0.8666666626930237,
        0.8661396503448486,
        0.8664031624794006,
        0.8687747120857239,
        0.869828724861145,
        0.8722002625465393,
        0.8722002625465393,
        0.8737812876701355,
        0.8748353123664856,
        0.8756258249282837,
        0.8753623127937317,
        0.8761528253555297,
        0.8753623127937317
    ]
}