{
    "summation Accuracy": [
        0.5672823190689087,
        0.706596314907074,
        0.8013192534446716,
        0.8379947185516358,
        0.8522427320480347,
        0.8559366822242737,
        0.855672824382782,
        0.8580474972724914,
        0.8749340415000916,
        0.8889181971549988,
        0.8939314007759094,
        0.8981530427932739,
        0.8963060736656189,
        0.8931398272514344,
        0.8878627896308899,
        0.8870712399482727,
        0.8860158324241638,
        0.8891820669174194,
        0.8883905053138733,
        0.8907651662826538,
        0.8905013203620911,
        0.8889182090759278,
        0.8870712518692017,
        0.8854881286621094,
        0.8846965670585633,
        0.8844327211380005,
        0.8841688632965088,
        0.8849604249000549,
        0.8870712518692017,
        0.8868073701858521,
        0.8878627777099609,
        0.8883905053138733,
        0.888654363155365,
        0.8902374744415283,
        0.8905013203620911,
        0.8905013203620911,
        0.8894459128379821,
        0.8870712399482727,
        0.8873350858688355,
        0.8883905053138733,
        0.889709758758545,
        0.8902374625205993,
        0.8897097706794739,
        0.8897097706794739,
        0.8889181971549988,
        0.8894459128379821,
        0.8902374744415283,
        0.8905013203620911,
        0.8910290122032165,
        0.8910290360450744,
        0.8894459128379821
    ],
    "mlp Accuracy": [
        0.4844327211380005,
        0.622691297531128,
        0.6794195175170898,
        0.7477572560310364,
        0.7815303444862366,
        0.7949868202209472,
        0.7978891730308533,
        0.806596302986145,
        0.8150395750999451,
        0.8292876124382019,
        0.8382585883140564,
        0.8498680710792541,
        0.8627968430519104,
        0.8730870842933655,
        0.8823219180107117,
        0.8849604249000549,
        0.8854881048202514,
        0.8823218941688538,
        0.8778364062309265,
        0.8751978874206543,
        0.870712399482727,
        0.8701846957206726,
        0.8717678189277649,
        0.8746701836585998,
        0.8770448446273804,
        0.8799472332000733,
        0.8807387828826905,
        0.882058036327362,
        0.8815303444862366,
        0.880211067199707,
        0.8804749369621276,
        0.8796833753585815,
        0.8796833872795105,
        0.8796833753585815,
        0.882058036327362,
        0.882058048248291,
        0.882058036327362,
        0.8817942023277283,
        0.8807387948036194,
        0.8817941904067993,
        0.8841688632965088,
        0.8841688513755799,
        0.8852242827415466,
        0.8862796783447265,
        0.886807382106781,
        0.8870712399482727,
        0.8868073940277099,
        0.8868073701858521,
        0.8854881167411804,
        0.8860158205032349,
        0.8857519745826721
    ],
    "attention Accuracy": [
        0.4321899712085724,
        0.6957783579826355,
        0.7839050173759461,
        0.8079155683517456,
        0.8253298163414001,
        0.8353561997413635,
        0.8382585763931274,
        0.8503957629203797,
        0.8691293001174927,
        0.8812664866447448,
        0.8839050173759461,
        0.8944591283798218,
        0.8894459128379821,
        0.8852242827415466,
        0.8825857520103455,
        0.8828496098518371,
        0.8870712399482727,
        0.8875989556312561,
        0.8905013203620911,
        0.8907651782035828,
        0.8899736046791077,
        0.8920844316482544,
        0.8923482894897461,
        0.8934037089347839,
        0.8923482894897461,
        0.8920844316482544,
        0.893403697013855,
        0.8949868083000183,
        0.8949868083000183,
        0.8955145239830017,
        0.8960422277450562,
        0.8939314007759094,
        0.8918205738067627,
        0.8910290241241455,
        0.8918205857276916,
        0.8920844316482544,
        0.8934037089347839,
        0.8931398510932922,
        0.893403685092926,
        0.89525066614151,
        0.8960422158241272,
        0.8960422277450562,
        0.8965699195861816,
        0.8976253271102905,
        0.897097647190094,
        0.8965699315071106,
        0.8949868083000183,
        0.8963060736656189,
        0.89525066614151,
        0.89525066614151,
        0.8955145120620728
    ],
    "baseline Accuracy": [
        0.4931398510932922,
        0.5548812747001648,
        0.5952506542205811,
        0.6319261193275452,
        0.6627968311309814,
        0.6920844316482544,
        0.717941963672638,
        0.7366754531860351,
        0.7535620212554932,
        0.7680738806724549,
        0.7722955107688904,
        0.7751978874206543,
        0.7786279678344726,
        0.7881266474723816,
        0.7957783579826355,
        0.806596302986145,
        0.8134564518928528,
        0.8203166127204895,
        0.8258575201034546,
        0.8311345696449279,
        0.8374670147895813,
        0.8379947185516358,
        0.8398416876792908,
        0.8401055335998535,
        0.8408970952033996,
        0.8427440643310546,
        0.8427440643310546,
        0.844327163696289,
        0.8448548674583435,
        0.8451187372207641,
        0.8459102869033813,
        0.8459102869033813,
        0.8440633177757263,
        0.8451187372207641,
        0.8464380025863647,
        0.8477572679519654,
        0.8493403673171998,
        0.8503957629203797,
        0.8506596207618713,
        0.8522427320480347,
        0.8540897011756897,
        0.8532981395721435,
        0.8527704358100892,
        0.8535619974136353,
        0.8535619974136353,
        0.853825855255127,
        0.8548812508583069,
        0.8546174049377442,
        0.8554089784622192,
        0.8559366822242737,
        0.8569920897483826
    ]
}