{
    "attention Accuracy": [
        0.4451783299446106
    ],
    "baseline Accuracy": [
        0.4900924563407898
    ]
}