{
    "summation Accuracy": [
        0.48891820311546325,
        0.7456464409828186,
        0.8284960269927979,
        0.8303430199623107,
        0.8398416876792908,
        0.8670184731483459,
        0.9034300684928894,
        0.9242744088172913,
        0.9300791621208191,
        0.928232204914093,
        0.9221635818481445,
        0.9195250630378723,
        0.9232189893722534,
        0.9248021125793457,
        0.9303430080413818,
        0.9332453846931458,
        0.9321899771690368,
        0.929287600517273,
        0.9316622734069824,
        0.9348284959793091,
        0.9361477613449096,
        0.937730872631073,
        0.9385224342346191,
        0.9422163605690003,
        0.9419525027275085,
        0.9419525146484375,
        0.9364116072654725,
        0.9335092425346374,
        0.9321899652481079,
        0.9356200575828553
    ],
    "mlp Accuracy": [
        0.49419525265693665,
        0.6224274516105652,
        0.8174142479896546,
        0.888654363155365,
        0.8401055455207824,
        0.7778364181518554,
        0.831134557723999,
        0.8846965670585633,
        0.922691285610199,
        0.9218997359275818,
        0.9208443284034729,
        0.9213720321655273,
        0.9226912975311279,
        0.9266490817070008,
        0.9242744088172913,
        0.9205804705619812,
        0.9192612290382385,
        0.9250659704208374,
        0.9316622734069824,
        0.9353562116622924,
        0.9345646381378174,
        0.9321899771690368,
        0.9287598967552185,
        0.9306068539619445,
        0.931134569644928,
        0.9340369462966919,
        0.932981538772583,
        0.9356200456619262,
        0.9366754651069641,
        0.9374670267105103
    ],
    "attention Accuracy": [
        0.3118733525276184,
        0.5709762454032898,
        0.7279683351516724,
        0.8218997359275818,
        0.8546174049377442,
        0.8493403673171998,
        0.8762533068656921,
        0.8944591045379638,
        0.9081794261932373,
        0.909498679637909,
        0.915039575099945,
        0.9218997240066529,
        0.9211081862449646,
        0.917941951751709,
        0.9232190012931824,
        0.9303430080413818,
        0.9348284959793091,
        0.9366754770278931,
        0.9382585883140564,
        0.9374670267105103,
        0.9377308845520019,
        0.9374670147895813,
        0.9382585763931275,
        0.9382585763931275,
        0.9374670267105103,
        0.935883903503418,
        0.9369393110275268,
        0.9374670147895813,
        0.9372031569480896,
        0.9369393229484558
    ],
    "baseline Accuracy": [
        0.5527704536914826,
        0.6422163605690002,
        0.6894459009170533,
        0.7242744207382202,
        0.7461741447448731,
        0.7554089784622192,
        0.765171492099762,
        0.7775725483894348,
        0.7854881286621094,
        0.7947229623794556,
        0.8055408835411072,
        0.8147757291793823,
        0.8216358900070191,
        0.8242743968963623,
        0.8300791501998901,
        0.8311345696449279,
        0.8308706998825073,
        0.832189965248108,
        0.8298153042793274,
        0.8300791501998901,
        0.8321899771690369,
        0.8356200456619263,
        0.8398416876792908,
        0.8408970952033996,
        0.8419524908065796,
        0.8427440643310546,
        0.8445910215377808,
        0.8474934101104736,
        0.8498680830001831,
        0.8503957748413086
    ]
}