{
    "Transfer + Attention Accuracy": [
        0.4126984179019928,
        0.6534391641616821,
        0.8055555820465088,
        0.8240740895271301,
        0.8518518805503845,
        0.9007936716079712,
        0.9351851940155029,
        0.9404761791229248,
        0.9193121790885925,
        0.9193121790885925,
        0.932539701461792,
        0.9312169551849365,
        0.9285714030265808,
        0.9246031641960144,
        0.9219576716423035,
        0.9232804179191589,
        0.9285714030265808,
        0.9338624477386475,
        0.9378306865692139,
        0.9365079402923584,
        0.9378306865692139,
        0.9391534328460693,
        0.9378306865692139,
        0.9378306865692139,
        0.9404761791229248,
        0.9391534328460693,
        0.9378306865692139,
        0.9378306865692139,
        0.9417989253997803,
        0.9431216716766357,
        0.9417989253997803,
        0.9404761791229248,
        0.9404761791229248,
        0.9391534328460693,
        0.9391534328460693,
        0.9404761791229248,
        0.9404761791229248,
        0.9404761791229248,
        0.9417989253997803,
        0.9404761791229248,
        0.9378306865692139,
        0.9404761791229248,
        0.9404761791229248,
        0.9417989253997803,
        0.9404761791229248,
        0.9444444179534912,
        0.9457672238349915,
        0.9457672238349915,
        0.9444444179534912,
        0.9431216716766357,
        0.9417989253997803
    ],
    "Baseline Accuracy": [
        0.5092592835426331,
        0.2857142984867096,
        0.35052910447120667,
        0.41137567162513733,
        0.5026454925537109,
        0.5687830448150635,
        0.6097883582115173,
        0.6230158805847168,
        0.6309523582458496,
        0.6679894328117371,
        0.7195767164230347,
        0.7526454925537109,
        0.7724867463111877,
        0.7830687761306763,
        0.7949735522270203,
        0.7989417910575867,
        0.8068783283233643,
        0.8108465671539307,
        0.8042327761650085,
        0.8029100298881531,
        0.8015872836112976,
        0.8082010746002197,
        0.8095238208770752,
        0.8095238208770752,
        0.8187830448150635,
        0.8227513432502747,
        0.8240740895271301,
        0.829365074634552,
        0.8320105671882629,
        0.8333333134651184,
        0.8333333134651184,
        0.8333333134651184,
        0.8346560597419739,
        0.8465608358383179,
        0.8492063283920288,
        0.85317462682724,
        0.8558201193809509,
        0.8597883582115173,
        0.8637565970420837,
        0.8637565970420837,
        0.8664020895957947,
        0.8703703880310059,
        0.8716931343078613,
        0.8730158805847168,
        0.8756613731384277,
        0.8783068656921387,
        0.8849206566810608,
        0.8849206566810608,
        0.8902116417884827,
        0.8955026268959045,
        0.8955026268959045
    ]
}