{
    "summation Loss": [
        0.1252952367067337,
        0.0595242939889431,
        0.041529957205057144,
        0.03474384546279907,
        0.02950846031308174,
        0.024648310616612434,
        0.022411638870835304,
        0.021436836570501328,
        0.020111316815018654,
        0.01835588924586773,
        0.017139550298452377,
        0.016578083857893944,
        0.015936799347400665,
        0.0149385966360569,
        0.013915861956775188,
        0.013212217949330807,
        0.01286210399121046,
        0.012614679522812366,
        0.012265518307685852,
        0.01189003512263298,
        0.011639265343546867,
        0.011530624702572823,
        0.011434200219810009,
        0.011293712072074413,
        0.011120982468128204,
        0.01093282550573349,
        0.010783243924379349,
        0.010671927593648434,
        0.010564160533249378,
        0.010427234694361687,
        0.010258971713483334,
        0.01011203695088625,
        0.009973593056201935,
        0.009847457520663738,
        0.009738486260175705,
        0.009639925323426723,
        0.009533358737826347,
        0.009426195174455643,
        0.009332926943898201,
        0.009253186173737049,
        0.009168293327093124,
        0.009083694778382778,
        0.008999362587928772,
        0.008926494978368282,
        0.008847224526107311,
        0.008765395730733871,
        0.008690784685313702,
        0.008624210953712463,
        0.008553511463105679,
        0.008483481593430042,
        0.008420174941420555
    ],
    "mlp Loss": [
        0.3815571963787079,
        0.20397646725177765,
        0.12735985219478607,
        0.09586434811353683,
        0.08191406726837158,
        0.07311403751373291,
        0.06423544138669968,
        0.056944794952869415,
        0.0537898875772953,
        0.05137631669640541,
        0.04746849834918976,
        0.043873872607946396,
        0.04176895692944527,
        0.04043135046958923,
        0.03917029872536659,
        0.0375816635787487,
        0.03603396937251091,
        0.03487319126725197,
        0.03411945700645447,
        0.033584244549274445,
        0.033011678606271744,
        0.032345935702323914,
        0.03179236128926277,
        0.03145889565348625,
        0.03125518932938576,
        0.03102780692279339,
        0.030711794272065163,
        0.03036200813949108,
        0.030067078769207,
        0.029860300943255424,
        0.029702376574277878,
        0.029535528272390366,
        0.02934247814118862,
        0.029155045747756958,
        0.029015179723501205,
        0.028937390074133873,
        0.028906268998980522,
        0.028894785791635513,
        0.028878312557935715,
        0.02884589694440365,
        0.028796346858143806,
        0.02873665653169155,
        0.02868182212114334,
        0.0286515261977911,
        0.02865181490778923,
        0.02866549789905548,
        0.028666220605373383,
        0.028642242774367332,
        0.028604520484805107,
        0.02857125923037529,
        0.028548020869493484
    ],
    "attention Loss": [
        0.4227132499217987,
        0.07351873070001602,
        0.05339117348194122,
        0.0427171066403389,
        0.04513494670391083,
        0.03199618682265282,
        0.03224177658557892,
        0.03069325163960457,
        0.029757658019661903,
        0.027149643748998642,
        0.024097757413983345,
        0.02401096187531948,
        0.02308075502514839,
        0.0224422886967659,
        0.02142832987010479,
        0.02067020907998085,
        0.019804632291197777,
        0.019540345296263695,
        0.019115012139081955,
        0.018368415534496307,
        0.017315248027443886,
        0.01723070628941059,
        0.016836198046803474,
        0.016246415674686432,
        0.01584853045642376,
        0.01566707342863083,
        0.01525579858571291,
        0.014960438013076782,
        0.014729001559317112,
        0.014407621696591377,
        0.01412973552942276,
        0.013930519111454487,
        0.01371945720165968,
        0.013467489741742611,
        0.013216685503721237,
        0.013026759959757328,
        0.0127855921164155,
        0.012605112977325916,
        0.01244320347905159,
        0.012167663313448429,
        0.01203128881752491,
        0.01185352262109518,
        0.011654880829155445,
        0.01154976524412632,
        0.011337464675307274,
        0.011212175711989403,
        0.011030877009034157,
        0.01091705821454525,
        0.010762894526124,
        0.01062106341123581,
        0.010472915135324001
    ],
    "baseline Loss": [
        0.7638567686080933,
        0.5231854915618896,
        0.37117984890937805,
        0.26071858406066895,
        0.18329781293869019,
        0.13358493149280548,
        0.10432694852352142,
        0.08670088648796082,
        0.07550942897796631,
        0.06830742955207825,
        0.06311124563217163,
        0.057344306260347366,
        0.05118749663233757,
        0.046128563582897186,
        0.04252396523952484,
        0.040039852261543274,
        0.037821393460035324,
        0.03555368259549141,
        0.03360069543123245,
        0.03183837980031967,
        0.030267052352428436,
        0.029056420549750328,
        0.028108226135373116,
        0.02731700986623764,
        0.02666442096233368,
        0.026056619361042976,
        0.02540377341210842,
        0.02468581683933735,
        0.023950811475515366,
        0.023297250270843506,
        0.022815732285380363,
        0.022497694939374924,
        0.02226519212126732,
        0.02203487977385521,
        0.021768255159258842,
        0.021465003490447998,
        0.021162554621696472,
        0.020885953679680824,
        0.020631233230233192,
        0.020388590171933174,
        0.0201577115803957,
        0.01992787979543209,
        0.01970144547522068,
        0.019486654549837112,
        0.019283562898635864,
        0.019087878987193108,
        0.018908264115452766,
        0.018740247935056686,
        0.018577607348561287,
        0.018413254991173744,
        0.01824677363038063
    ]
}