{
    "summation Loss": [
        0.18704234063625336,
        0.07421690747141838,
        0.048622015863657,
        0.041158607602119444,
        0.03550898991525173,
        0.029872169345617296,
        0.026228149235248566,
        0.02426746189594269,
        0.02281837947666645,
        0.021688956394791604,
        0.020197199657559395,
        0.018323701247572897,
        0.01645772494375706,
        0.015037291496992112,
        0.014145959541201592,
        0.013718210719525814,
        0.013487666472792625,
        0.013112066686153412,
        0.012454552203416824,
        0.011667793057858944,
        0.011087345518171787,
        0.010770753398537636,
        0.01051063071936369,
        0.010221723467111588,
        0.009968716837465762,
        0.009766872599720955,
        0.009548681415617466,
        0.009264017641544341,
        0.0089311420917511,
        0.008616487309336663,
        0.008385656587779521,
        0.008249671943485738,
        0.008137088175863028,
        0.00799018470570445,
        0.0078193549066782,
        0.007662210706621408,
        0.007529124617576599,
        0.007410432677716017,
        0.0072927107103168964,
        0.007171841524541378,
        0.007057383842766285,
        0.0069488056004047396,
        0.006837248150259256,
        0.006725946627557278,
        0.0066252950578928,
        0.006535745225846767,
        0.006448050867766142,
        0.006353846099227667,
        0.006255574431270361,
        0.006163965072482824,
        0.006082856841385364
    ],
    "baseline Loss": [
        0.7835783004760742,
        0.5229540944099427,
        0.35479902029037474,
        0.23663220703601837,
        0.16144008338451385,
        0.11847288012504578,
        0.09455786794424056,
        0.08034179359674454,
        0.07042601853609085,
        0.06250210627913474,
        0.0561423122882843,
        0.05130189955234528,
        0.04773697555065155,
        0.044333739578723906,
        0.04022165760397911,
        0.036073274165391925,
        0.03253000155091286,
        0.0296608529984951,
        0.0274153895676136,
        0.025739477202296256,
        0.024436408281326295,
        0.023112491145730017,
        0.02159116491675377,
        0.019998691231012344,
        0.01849210150539875,
        0.017188451066613198,
        0.016153234988451004,
        0.015362554974853993,
        0.014714419841766357,
        0.014102994464337826,
        0.013478422164916992,
        0.012845507636666299,
        0.012235340848565101,
        0.01168262530118227,
        0.011211950145661832,
        0.010833631083369256,
        0.010534466803073883,
        0.010284177958965302,
        0.010047052055597305,
        0.00980113111436367,
        0.009542985074222087,
        0.009288506768643855,
        0.009056043997406959,
        0.008860231563448905,
        0.008705507218837737,
        0.008586207032203674,
        0.008489948511123658,
        0.00840339194983244,
        0.00831684684380889,
        0.00822632061317563,
        0.008133746962994338
    ]
}