{
    "summation Accuracy": {
        "epoch": 22,
        "acc": 95.9048867225647
    },
    "baseline Accuracy": {
        "epoch": 31,
        "acc": 83.09115171432495
    },
    "emb": 63,
    "lr": 0.01,
    "k": 1
}