{
    "dataset": "AIFB",
    "exp": null,
    "epochs": 51,
    "emb": 63,
    "i": 5,
    "lr": 0.01,
    "hl": 16,
    "summation Accuracy": {
        "epoch": 6,
        "acc": 89.57783699035645
    },
    "mlp Accuracy": {
        "epoch": 18,
        "acc": 91.58311247825623
    },
    "attention Accuracy": {
        "epoch": 9,
        "acc": 91.02902293205261
    },
    "baseline Accuracy": {
        "epoch": 28,
        "acc": 85.43535470962524
    },
    "Test set summation": {
        "mean": 0.9091633677482605,
        "std": 0.004721493947410703
    },
    "Test set mlp": {
        "mean": 0.8926959037780762,
        "std": 0.002708634402035461
    },
    "Test set attention": {
        "mean": 0.9104913830757141,
        "std": 0.003992898008006803
    },
    "Test set baseline": {
        "mean": 0.8637450337409973,
        "std": 0.007254454475597966
    }
}