{
    "attention Loss": [
        0.5822488069534302
    ],
    "baseline Loss": [
        0.7619871497154236
    ]
}