{
    "Sum Loss 0": [
        0.8409008979797363,
        0.5020086765289307,
        0.297923743724823,
        0.16671249270439148,
        0.10940682888031006,
        0.08720375597476959,
        0.07516781240701675,
        0.07120457291603088,
        0.06594983488321304,
        0.06152256950736046,
        0.05865049734711647,
        0.054512668401002884,
        0.05088353529572487,
        0.04934430867433548,
        0.04686140641570091,
        0.04373683035373688,
        0.04177766665816307,
        0.04025926813483238,
        0.038366835564374924,
        0.036929305642843246,
        0.03635174036026001,
        0.03545968234539032,
        0.03423245996236801,
        0.03305387496948242,
        0.03217509761452675,
        0.031788140535354614,
        0.03128815069794655,
        0.030470747500658035,
        0.029900476336479187,
        0.02973499707877636,
        0.029595933854579926,
        0.0291470754891634,
        0.028548473492264748,
        0.028182988986372948,
        0.0280478335916996,
        0.027867186814546585,
        0.027623865753412247,
        0.027369730174541473,
        0.027169393375515938,
        0.027028895914554596,
        0.026862822473049164,
        0.02664550393819809,
        0.026431718841195107,
        0.026240963488817215,
        0.026061130687594414,
        0.0259171761572361,
        0.025815313681960106,
        0.02571272850036621,
        0.025590581819415092,
        0.02544953115284443,
        0.025321416556835175
    ],
    "Sum Loss 1": [
        0.22178365290164948,
        0.11308741569519043,
        0.0940609946846962,
        0.08787503838539124,
        0.07752669602632523,
        0.06442978978157043,
        0.05545487999916077,
        0.05184154585003853,
        0.05153178423643112,
        0.04904162511229515,
        0.04371096193790436,
        0.03917120024561882,
        0.037408553063869476,
        0.03697869926691055,
        0.0367099829018116,
        0.03597847372293472,
        0.034379955381155014,
        0.03294425085186958,
        0.03244072571396828,
        0.03213130682706833,
        0.03134336695075035,
        0.030473845079541206,
        0.029933560639619827,
        0.029638761654496193,
        0.029228871688246727,
        0.028595326468348503,
        0.02801877073943615,
        0.02775419130921364,
        0.02760997787117958,
        0.027225669473409653,
        0.026674622669816017,
        0.02622607722878456,
        0.025972900912165642,
        0.02580023929476738,
        0.025606615468859673,
        0.025392459705471992,
        0.025189725682139397,
        0.025009609758853912,
        0.02482081577181816,
        0.024602005258202553,
        0.024410031735897064,
        0.024278707802295685,
        0.024159854277968407,
        0.024004163220524788,
        0.02383340708911419,
        0.023688895627856255,
        0.023561401292681694,
        0.023417280986905098,
        0.023263441398739815,
        0.0231120977550745,
        0.022963251918554306
    ],
    "Sum Loss 2": [
        0.2500823438167572,
        0.11716056615114212,
        0.09344273805618286,
        0.08750941604375839,
        0.08059785515069962,
        0.06700202077627182,
        0.0547478124499321,
        0.050705090165138245,
        0.04938936606049538,
        0.0459115207195282,
        0.04106294736266136,
        0.037579044699668884,
        0.0363905169069767,
        0.03613901510834694,
        0.03515530750155449,
        0.03347305208444595,
        0.03195170313119888,
        0.030928710475564003,
        0.03026251308619976,
        0.029790380969643593,
        0.029330717399716377,
        0.028705015778541565,
        0.028148764744400978,
        0.027725491672754288,
        0.027160272002220154,
        0.026487775146961212,
        0.026003288105130196,
        0.025767071172595024,
        0.025616521015763283,
        0.02542855776846409,
        0.025188906118273735,
        0.024944456294178963,
        0.024735281243920326,
        0.02454928122460842,
        0.024348989129066467,
        0.024132253602147102,
        0.023921851068735123,
        0.023732375353574753,
        0.023550953716039658,
        0.023345720022916794,
        0.02312356047332287,
        0.02291860431432724,
        0.02274937368929386,
        0.02259468100965023,
        0.022435199469327927,
        0.02228681743144989,
        0.022162077948451042,
        0.02204992063343525,
        0.02193607948720455,
        0.021822618320584297,
        0.021716181188821793
    ],
    "Transfer + Attention Loss": [
        0.3568597733974457,
        0.0931844487786293,
        0.06532769650220871,
        0.05726329982280731,
        0.04883529618382454,
        0.04155929386615753,
        0.035939667373895645,
        0.02966444008052349,
        0.029225977137684822,
        0.028726136311888695,
        0.02697293646633625,
        0.026044555008411407,
        0.0242681372910738,
        0.023136673495173454,
        0.02279301919043064,
        0.022194689139723778,
        0.021270230412483215,
        0.02082827314734459,
        0.020547248423099518,
        0.019760066643357277,
        0.019157959148287773,
        0.01894221268594265,
        0.01893792860209942,
        0.01888928934931755,
        0.01857852004468441,
        0.01815914921462536,
        0.017937539145350456,
        0.017786402255296707,
        0.01756592094898224,
        0.017493901774287224,
        0.01747111789882183,
        0.017328841611742973,
        0.01703525334596634,
        0.016764676198363304,
        0.016720665618777275,
        0.016735883429646492,
        0.016627112403512,
        0.0165166724473238,
        0.01642446033656597,
        0.016277987509965897,
        0.01616373471915722,
        0.016182199120521545,
        0.016152819618582726,
        0.016002079471945763,
        0.015875183045864105,
        0.015782129019498825,
        0.015733515843749046,
        0.015698548406362534,
        0.015614992938935757,
        0.015506329946219921,
        0.015420074574649334
    ],
    "Baseline Loss": [
        0.6937830448150635,
        0.683063805103302,
        0.6684490442276001,
        0.6478375196456909,
        0.6203182935714722,
        0.5854573249816895,
        0.543624758720398,
        0.49627718329429626,
        0.44559165835380554,
        0.3941500186920166,
        0.34446001052856445,
        0.29869210720062256,
        0.25836625695228577,
        0.22413164377212524,
        0.19584210216999054,
        0.17282308638095856,
        0.15419752895832062,
        0.1391250491142273,
        0.12688152492046356,
        0.11687103658914566,
        0.10860758274793625,
        0.10167226195335388,
        0.09569986909627914,
        0.09042065590620041,
        0.08568128198385239,
        0.08140791952610016,
        0.07755929231643677,
        0.07409563660621643,
        0.07097470015287399,
        0.06817121058702469,
        0.06568819284439087,
        0.06353441625833511,
        0.06167972832918167,
        0.060032885521650314,
        0.058478038758039474,
        0.056940898299217224,
        0.05541868135333061,
        0.05395573005080223,
        0.05259936675429344,
        0.05137107893824577,
        0.05026305466890335,
        0.04925094172358513,
        0.048308905214071274,
        0.047418221831321716,
        0.04656825214624405,
        0.0457538403570652,
        0.04497288167476654,
        0.0442257784307003,
        0.04351574182510376,
        0.042848169803619385,
        0.042228467762470245
    ]
}