{
    "Sum Loss 0": [
        0.8498280644416809,
        0.5238259434700012,
        0.3055899441242218,
        0.1735222488641739,
        0.11989516764879227,
        0.10301189124584198,
        0.09747255593538284,
        0.09298387914896011,
        0.08377819508314133,
        0.07578077167272568,
        0.07335967570543289,
        0.07285195589065552,
        0.06697257608175278,
        0.06258218735456467,
        0.059489745646715164,
        0.057345107197761536,
        0.05622398480772972,
        0.0543038509786129,
        0.0519692562520504,
        0.05028572678565979,
        0.04899858683347702,
        0.047116510570049286,
        0.04542066901922226,
        0.04377833753824234,
        0.04282384365797043,
        0.04226766154170036,
        0.04158128425478935,
        0.040670767426490784,
        0.03965535759925842,
        0.03861624374985695,
        0.037600476294755936,
        0.036871038377285004,
        0.03633156418800354,
        0.035699039697647095,
        0.03498057648539543,
        0.03428260236978531,
        0.03377838060259819,
        0.033381715416908264,
        0.032886210829019547,
        0.03234758600592613,
        0.03188149258494377,
        0.03149421513080597,
        0.031142614781856537,
        0.030726974830031395,
        0.03028916008770466,
        0.02991027943789959,
        0.02957439236342907,
        0.029249314218759537,
        0.028925614431500435,
        0.028617022559046745,
        0.02832004614174366
    ],
    "Sum Loss 1": [
        0.19399814307689667,
        0.10009898990392685,
        0.0777471512556076,
        0.06389250606298447,
        0.059904567897319794,
        0.05455656722187996,
        0.05001547187566757,
        0.047056928277015686,
        0.04437622055411339,
        0.04185879975557327,
        0.04022025689482689,
        0.0389537550508976,
        0.03799460455775261,
        0.03714839741587639,
        0.035934656858444214,
        0.03467889502644539,
        0.033677197992801666,
        0.033188652247190475,
        0.033056896179914474,
        0.03293446823954582,
        0.032745882868766785,
        0.03238074108958244,
        0.031813595443964005,
        0.03131154924631119,
        0.031085310503840446,
        0.03086823597550392,
        0.03050064481794834,
        0.030187541618943214,
        0.02994944527745247,
        0.029653722420334816,
        0.029329249635338783,
        0.029096536338329315,
        0.028956929221749306,
        0.02882412262260914,
        0.028653472661972046,
        0.028459902852773666,
        0.02826160378754139,
        0.028103653341531754,
        0.028008297085762024,
        0.02791352942585945,
        0.02775796502828598,
        0.027595266699790955,
        0.02746872417628765,
        0.02734561637043953,
        0.027205852791666985,
        0.027057455852627754,
        0.02689805068075657,
        0.026736687868833542,
        0.026585476472973824,
        0.026433994993567467,
        0.026280010119080544
    ],
    "Sum Loss 2": [
        0.21712251007556915,
        0.09477219730615616,
        0.06746704876422882,
        0.05626635253429413,
        0.05203351378440857,
        0.05154164507985115,
        0.05044751241803169,
        0.04979223012924194,
        0.04803343117237091,
        0.04484247416257858,
        0.042670078575611115,
        0.04053324833512306,
        0.039070483297109604,
        0.03772632032632828,
        0.0363554023206234,
        0.036115750670433044,
        0.036231208592653275,
        0.03559178486466408,
        0.034378282725811005,
        0.033388398587703705,
        0.03300224617123604,
        0.03287472575902939,
        0.032753221690654755,
        0.032622843980789185,
        0.03238740190863609,
        0.03205202892422676,
        0.031807295978069305,
        0.0316503681242466,
        0.031372785568237305,
        0.030972961336374283,
        0.030637897551059723,
        0.03042108193039894,
        0.030247623100876808,
        0.030074523761868477,
        0.029908418655395508,
        0.02973802760243416,
        0.0295576024800539,
        0.02941225655376911,
        0.029332805424928665,
        0.02927129715681076,
        0.02918262407183647,
        0.029080705717206,
        0.02898264490067959,
        0.0288736242800951,
        0.028751743957400322,
        0.028640195727348328,
        0.02854268066585064,
        0.028443191200494766,
        0.028339466080069542,
        0.028240250423550606,
        0.02813878282904625
    ],
    "Transfer + Attention Loss": [
        0.2738902270793915,
        0.10925731062889099,
        0.0650377944111824,
        0.046450499445199966,
        0.03877031430602074,
        0.03720717504620552,
        0.034501735121011734,
        0.03318548947572708,
        0.03208737075328827,
        0.03064216487109661,
        0.02871927246451378,
        0.02817874774336815,
        0.027233242988586426,
        0.025442928075790405,
        0.024547556415200233,
        0.02419945038855076,
        0.023418590426445007,
        0.0227433480322361,
        0.022650636732578278,
        0.022323329001665115,
        0.0219761673361063,
        0.021882766857743263,
        0.02177312597632408,
        0.021522991359233856,
        0.02126680128276348,
        0.021048054099082947,
        0.020726734772324562,
        0.020499397069215775,
        0.020360568538308144,
        0.020088953897356987,
        0.01985068991780281,
        0.019625883549451828,
        0.01941964216530323,
        0.01929519698023796,
        0.019137583673000336,
        0.018964126706123352,
        0.01881120167672634,
        0.018653178587555885,
        0.018489163368940353,
        0.018339866772294044,
        0.018156319856643677,
        0.017959967255592346,
        0.01779601164162159,
        0.017640652135014534,
        0.017498338595032692,
        0.017325084656476974,
        0.01717958226799965,
        0.017024312168359756,
        0.01686004549264908,
        0.016702689230442047,
        0.016528446227312088
    ],
    "Baseline Loss": [
        0.6933543682098389,
        0.6814582943916321,
        0.6650604605674744,
        0.642339825630188,
        0.6126934289932251,
        0.5766171813011169,
        0.5355332493782043,
        0.49170202016830444,
        0.4477573037147522,
        0.4059920012950897,
        0.36811697483062744,
        0.33497509360313416,
        0.30662962794303894,
        0.2826264798641205,
        0.26228588819503784,
        0.24490156769752502,
        0.2298506498336792,
        0.21664778888225555,
        0.20491784811019897,
        0.19436417520046234,
        0.1847573220729828,
        0.17593534290790558,
        0.16777579486370087,
        0.1601734459400177,
        0.15304702520370483,
        0.14634601771831512,
        0.14003509283065796,
        0.13409285247325897,
        0.12851059436798096,
        0.12329179048538208,
        0.1184353157877922,
        0.11392149329185486,
        0.10970722138881683,
        0.10573272407054901,
        0.10193929076194763,
        0.09828905016183853,
        0.09477370232343674,
        0.09140700846910477,
        0.08820851147174835,
        0.08519043773412704,
        0.08235339820384979,
        0.07968977838754654,
        0.07718686759471893,
        0.07483185082674026,
        0.07261320948600769,
        0.07052159309387207,
        0.06854889541864395,
        0.06668651103973389,
        0.06492742896080017,
        0.06326652318239212,
        0.06169990077614784
    ]
}