{
    "attention Accuracy": [
        0.28627967834472656
    ],
    "baseline Accuracy": [
        0.4643799364566803
    ]
}