{
    "summation Accuracy": [
        0.5653896868228913,
        0.7598414897918702,
        0.8364597201347351,
        0.892206072807312,
        0.9022457122802734,
        0.9223249673843383,
        0.9257595777511597,
        0.930515193939209,
        0.9342140078544616,
        0.936327600479126,
        0.9323645949363708,
        0.9326287984848023,
        0.9387054085731507,
        0.9450462222099304,
        0.9437252163887024,
        0.9434610247612,
        0.9431968331336975,
        0.9434610247612,
        0.9437252283096313,
        0.9450462341308594,
        0.9505944609642029,
        0.9535006642341614,
        0.95323646068573,
        0.9495376348495483,
        0.9484808444976807,
        0.9476882457733155,
        0.9482166409492493,
        0.9474240422248841,
        0.9479524493217468,
        0.9482166290283203,
        0.9471598505973816,
        0.9466314435005188,
        0.9455746412277222,
        0.9479524374008179,
        0.9482166409492493,
        0.9495376467704773,
        0.9484808325767518,
        0.9484808444976807,
        0.9471598386764526,
        0.9463672399520874,
        0.9466314435005188,
        0.9471598505973816,
        0.9471598267555237,
        0.9468956351280212,
        0.9471598267555237,
        0.9479524374008179,
        0.9476882457733155,
        0.9474240422248841,
        0.9476882338523864,
        0.9471598267555237,
        0.9482166290283203
    ],
    "mlp Accuracy": [
        0.2758256271481514,
        0.47503302693367006,
        0.581770145893097,
        0.615587842464447,
        0.696169090270996,
        0.8110964298248291,
        0.840951120853424,
        0.8496697545051575,
        0.870805823802948,
        0.9027741074562072,
        0.913606333732605,
        0.9088507175445557,
        0.9011888980865479,
        0.9030382990837097,
        0.9194187641143798,
        0.9360634207725524,
        0.9394980072975159,
        0.9416116118431092,
        0.9402906179428101,
        0.9389696240425109,
        0.9392338156700134,
        0.9408190011978149,
        0.9421400189399719,
        0.943461012840271,
        0.9453104376792908,
        0.9455746412277222,
        0.9450462341308594,
        0.9455746293067933,
        0.9458388328552246,
        0.9479524374008179,
        0.9482166409492493,
        0.9482166409492493,
        0.9474240303039551,
        0.9476882338523864,
        0.9461030244827271,
        0.9455746173858642,
        0.9455746173858642,
        0.9453104257583618,
        0.9450462341308594,
        0.9458388447761535,
        0.9466314315795898,
        0.9463672280311585,
        0.9468956232070923,
        0.9468956232070923,
        0.9482166290283203,
        0.9482166409492493,
        0.9476882338523864,
        0.9474240303039551,
        0.9479524374008179,
        0.9476882338523864,
        0.9476882338523864
    ],
    "attention Accuracy": [
        0.2789960354566574,
        0.7852047681808472,
        0.8845442533493042,
        0.9365918040275574,
        0.8914134740829468,
        0.9233817815780639,
        0.9566710710525512,
        0.9574636697769165,
        0.9569352746009827,
        0.9138705372810364,
        0.9527080655097961,
        0.9508586525917053,
        0.9379128217697144,
        0.9511228442192078,
        0.9439894318580627,
        0.9416116118431092,
        0.9566710710525512,
        0.954557466506958,
        0.9508586645126342,
        0.9471598386764526,
        0.9500660419464111,
        0.9498018503189087,
        0.950594449043274,
        0.9532364487648011,
        0.9529722571372986,
        0.9511228442192078,
        0.9508586645126342,
        0.9535006642341614,
        0.9524438500404357,
        0.9527080655097961,
        0.9535006523132324,
        0.9548216581344604,
        0.9542932629585266,
        0.9519154548645019,
        0.9503302454948426,
        0.9519154548645019,
        0.9516512393951416,
        0.9511228561401367,
        0.9527080655097961,
        0.9498018503189087,
        0.9513870596885681,
        0.9511228442192078,
        0.9532364487648011,
        0.9532364487648011,
        0.9524438500404357,
        0.9511228680610657,
        0.9479524374008179,
        0.9519154548645019,
        0.9484808564186096,
        0.954557466506958,
        0.9500660538673401
    ],
    "baseline Accuracy": [
        0.46129457354545594,
        0.5355350017547608,
        0.6190224647521972,
        0.682430648803711,
        0.7302509903907776,
        0.7640686988830566,
        0.7735799193382263,
        0.7825627446174621,
        0.783091151714325,
        0.7854689598083496,
        0.7992074012756347,
        0.8190224528312683,
        0.8377807140350342,
        0.8435931324958801,
        0.8523117542266846,
        0.8504623651504517,
        0.8486129403114319,
        0.8488771438598632,
        0.8520475506782532,
        0.8599735856056213,
        0.8644649982452393,
        0.866842794418335,
        0.8689564108848572,
        0.8737120270729065,
        0.8771466255187989,
        0.8771466374397278,
        0.8752972245216369,
        0.8745046257972717,
        0.8742404341697693,
        0.8755614280700683,
        0.8734478116035461,
        0.876618218421936,
        0.8774108290672302,
        0.8805812478065491,
        0.8797886371612549,
        0.881109642982483,
        0.8808454394340515,
        0.8819022417068482,
        0.8842800498008728,
        0.8869220614433289,
        0.8887714624404908,
        0.8898282766342163,
        0.8877146601676941,
        0.8866578578948975,
        0.8856010437011719,
        0.8845442533493042,
        0.8848084568977356,
        0.8858652591705323,
        0.8879788637161254,
        0.8887714624404908,
        0.8906208753585816
    ]
}