{
    "summation Loss": [
        0.17389730513095855,
        0.08250398933887482,
        0.061581104248762134,
        0.049524979293346406,
        0.04152856916189194,
        0.03573319762945175,
        0.031149720028042793,
        0.027593876421451568,
        0.02497457079589367,
        0.023149390518665314,
        0.02152281403541565,
        0.020104828104376794,
        0.018860452622175217,
        0.017793386429548263,
        0.01697187591344118,
        0.016271331533789634,
        0.015610483102500438,
        0.015155743062496185,
        0.014799197390675544,
        0.014340928941965102,
        0.013901151157915593,
        0.01357515137642622,
        0.013253760151565075,
        0.012940805032849311,
        0.012699787691235542,
        0.01246224008500576,
        0.012190651521086693,
        0.011969554983079434,
        0.011833943985402584,
        0.011693467944860458,
        0.011525221914052964,
        0.011389942280948162,
        0.011281787045300007,
        0.011170867830514908,
        0.011071455292403698,
        0.010980643890798092,
        0.010876934789121152,
        0.010783948563039302,
        0.010699222981929778,
        0.010610605403780938,
        0.010524969920516014,
        0.010445782355964184,
        0.010366585664451122,
        0.010287954472005367,
        0.010206904076039792,
        0.010121411085128785,
        0.010034581832587718,
        0.009951681271195412,
        0.009868395514786243,
        0.009788738377392293,
        0.009710392355918885
    ],
    "mlp Loss": [
        0.39501804709434507,
        0.21927008926868438,
        0.13591581732034683,
        0.10291049927473069,
        0.08901681751012802,
        0.08020163178443909,
        0.07276823073625564,
        0.06664638966321945,
        0.06205650642514229,
        0.05907484292984009,
        0.055952795594930646,
        0.052726763486862185,
        0.04977052211761475,
        0.04755876809358597,
        0.045837438106536864,
        0.0442497119307518,
        0.042665764689445496,
        0.041159605234861375,
        0.03985759615898132,
        0.03883480280637741,
        0.03808706551790238,
        0.037482915073633195,
        0.03692178428173065,
        0.03638672754168511,
        0.03585876524448395,
        0.0353520080447197,
        0.034939457476139066,
        0.034667350351810455,
        0.0344976931810379,
        0.034357254207134244,
        0.034202373772859576,
        0.03402690067887306,
        0.033844029903411864,
        0.03368266969919205,
        0.03356156498193741,
        0.03346907645463944,
        0.033378169685602185,
        0.03327395468950271,
        0.03315596655011177,
        0.03303227201104164,
        0.03291990533471108,
        0.03283416703343391,
        0.03277212679386139,
        0.0327178068459034,
        0.03266069144010544,
        0.03260196149349213,
        0.03254646956920624,
        0.03249539732933045,
        0.03244793191552162,
        0.032403469830751416,
        0.03235698491334915
    ],
    "attention Loss": [
        0.4493579566478729,
        0.09205191433429719,
        0.07727289497852326,
        0.05922617539763451,
        0.052598634362220766,
        0.042785968631505966,
        0.03916240110993385,
        0.036807726323604587,
        0.03482035100460053,
        0.03172923065721989,
        0.029253113269805908,
        0.028180042654275893,
        0.02727145664393902,
        0.0262866023927927,
        0.02563601955771446,
        0.024844574555754662,
        0.024110273271799088,
        0.023401938006281854,
        0.023027575016021727,
        0.022710546851158142,
        0.022962780296802522,
        0.02193440869450569,
        0.02143920063972473,
        0.02133222632110119,
        0.02095908522605896,
        0.0205988135188818,
        0.020282992720603944,
        0.02005727104842663,
        0.019711152464151383,
        0.019568225368857384,
        0.019237713888287544,
        0.019039081409573555,
        0.01875832974910736,
        0.018631039559841155,
        0.01829071305692196,
        0.018084933608770372,
        0.017859918624162675,
        0.017667995393276216,
        0.017413740605115892,
        0.01723083630204201,
        0.01698327325284481,
        0.01676590256392956,
        0.016546992398798466,
        0.016350989043712617,
        0.016128982231020928,
        0.015935493260622026,
        0.015833544172346593,
        0.016296522319316865,
        0.01788892298936844,
        0.015575555711984634,
        0.016758261434733867
    ],
    "baseline Loss": [
        0.7651495575904846,
        0.5314686536788941,
        0.38613337874412534,
        0.28669061660766604,
        0.21705922484397888,
        0.16883544027805328,
        0.13579999804496765,
        0.1128272220492363,
        0.09635101556777954,
        0.0841806948184967,
        0.0749132752418518,
        0.06756572127342224,
        0.06144317612051964,
        0.05622412860393524,
        0.05183510631322861,
        0.048212336003780366,
        0.045265641808509824,
        0.042790196090936664,
        0.040548180043697354,
        0.0384456604719162,
        0.03652926906943321,
        0.03485918119549751,
        0.033439763262867926,
        0.03223329372704029,
        0.03117480091750622,
        0.030207661166787147,
        0.02930714823305607,
        0.02847547419369221,
        0.027715740725398064,
        0.0270265556871891,
        0.02640906274318695,
        0.025865372642874716,
        0.02539445012807846,
        0.024978482350707053,
        0.02460010424256325,
        0.024246054142713545,
        0.02391982600092888,
        0.023623380810022354,
        0.02335333339869976,
        0.023099673539400102,
        0.02285684309899807,
        0.022622592747211456,
        0.02239424139261246,
        0.022167301177978514,
        0.021939475461840628,
        0.0217130184173584,
        0.021489720419049264,
        0.021271109580993652,
        0.021055388450622558,
        0.02083965912461281,
        0.020623062551021577
    ]
}