{
    "summation Accuracy": [
        0.49525066614151003,
        0.7237466931343078,
        0.7894459128379822,
        0.8319261193275451,
        0.8620052695274353,
        0.8994722962379456,
        0.9240105509757995,
        0.9253298163414001,
        0.9068601608276368,
        0.892348301410675,
        0.8883904814720154,
        0.8947229504585266,
        0.9034300804138183,
        0.9029023885726929,
        0.8994723081588745,
        0.8968337774276733,
        0.8963060498237609,
        0.9026385307312011,
        0.9079155683517456,
        0.9110818028450012,
        0.9079155683517456,
        0.9034300804138183,
        0.9021108269691467,
        0.9031662344932556,
        0.9060686111450196,
        0.9110818028450012,
        0.911345648765564,
        0.9124010682106019,
        0.9118733406066895,
        0.911345648765564,
        0.9102902412414551,
        0.9105540871620178,
        0.9116094946861267,
        0.9118733406066895,
        0.9118733406066895,
        0.9113456606864929,
        0.9110818028450012,
        0.9089709758758545,
        0.9079155802726746,
        0.9050132036209106,
        0.9068601489067077,
        0.9079155683517456,
        0.9102902412414551,
        0.9092348337173461,
        0.909498679637909,
        0.907651710510254,
        0.9058047533035278,
        0.9063324570655823,
        0.9068601608276368,
        0.9087071299552918,
        0.9089709758758545
    ],
    "mlp Accuracy": [
        0.453825855255127,
        0.5912928700447082,
        0.6891820549964904,
        0.7535620093345642,
        0.7810026288032532,
        0.8026385188102723,
        0.8068601608276367,
        0.8345646381378173,
        0.8620052814483643,
        0.8894459128379821,
        0.8939314007759094,
        0.8799472332000733,
        0.875461745262146,
        0.8741424918174744,
        0.8691292881965638,
        0.8606860160827636,
        0.8548812747001648,
        0.857519781589508,
        0.8622691035270691,
        0.8651715040206909,
        0.8733509182929993,
        0.8807387948036194,
        0.8823218941688538,
        0.8831134557723999,
        0.8807387828826905,
        0.8815303444862366,
        0.878364109992981,
        0.8810026288032532,
        0.8788918018341064,
        0.8786279559135437,
        0.8778364181518554,
        0.8799472212791443,
        0.8849604249000549,
        0.889709758758545,
        0.89050133228302,
        0.8905013203620911,
        0.8891820549964905,
        0.8833773136138916,
        0.8817942023277283,
        0.8823219060897827,
        0.883905005455017,
        0.8846965789794922,
        0.8836411595344543,
        0.8846965670585633,
        0.8841688632965088,
        0.8844327092170715,
        0.886807382106781,
        0.8873350858688355,
        0.8870712399482727,
        0.8875989317893982,
        0.8860158205032349
    ],
    "attention Accuracy": [
        0.33060685992240907,
        0.8015831232070922,
        0.7807387948036194,
        0.9290237545967102,
        0.9021108031272889,
        0.8659630656242371,
        0.8456464409828186,
        0.8693931341171265,
        0.8759894609451294,
        0.8976253390312194,
        0.9071240067481995,
        0.8649076461791992,
        0.8762532949447632,
        0.8957783699035644,
        0.8722955107688903,
        0.9050131916999817,
        0.9079155683517456,
        0.8833772897720337,
        0.8775725483894348,
        0.8704485297203064,
        0.8749340415000916,
        0.9058047413825989,
        0.9013192653656006,
        0.8960422158241272,
        0.9058047533035278,
        0.8931398510932922,
        0.8926121234893799,
        0.9055408954620361,
        0.8994722843170166,
        0.8841688632965088,
        0.9021108150482178,
        0.9100263833999633,
        0.9137203097343445,
        0.9092348217964172,
        0.9034300804138183,
        0.9031662106513977,
        0.9034300804138183,
        0.9068601608276368,
        0.9055408954620361,
        0.9089709758758545,
        0.9129287600517273,
        0.9155672788619995,
        0.9155672788619995,
        0.9134564638137818,
        0.9092348337173461,
        0.9100263833999633,
        0.909498679637909,
        0.909498679637909,
        0.909498679637909,
        0.9129287481307984,
        0.91319260597229
    ],
    "baseline Accuracy": [
        0.4728232204914093,
        0.5936675429344177,
        0.667018461227417,
        0.7068601608276367,
        0.7337730884552002,
        0.7448548913002014,
        0.7517150521278382,
        0.7670184731483459,
        0.7852242708206176,
        0.7997361540794372,
        0.8094986915588379,
        0.8174142479896546,
        0.8211081743240356,
        0.8224274516105652,
        0.8224274516105652,
        0.8234828472137451,
        0.8287598848342895,
        0.8306068658828736,
        0.8316622614860535,
        0.8290237426757813,
        0.8261213898658752,
        0.8229551672935486,
        0.8234828472137451,
        0.8234828591346741,
        0.8240105628967285,
        0.8261213779449463,
        0.8279683470726014,
        0.8295514464378357,
        0.831134557723999,
        0.8335092306137085,
        0.8345646500587464,
        0.8356200456619263,
        0.8345646500587464,
        0.8332453727722168,
        0.8319261193275451,
        0.8306068539619446,
        0.8321899771690369,
        0.8319261193275451,
        0.8321899533271789,
        0.8332453846931458,
        0.8335092425346374,
        0.8343007922172546,
        0.8356200575828552,
        0.8364116191864014,
        0.8374670147895813,
        0.8364116191864014,
        0.8353561997413635,
        0.8350923418998718,
        0.8353562116622925,
        0.8348284959793091,
        0.8356200575828552
    ]
}