{
    "sum Accuracy": [
        0.649076521396637,
        0.8720316886901855,
        0.8693931102752686,
        0.8139841556549072,
        0.8891820311546326,
        0.9445910453796387,
        0.9564643502235413,
        0.9498680830001831,
        0.9327176809310913,
        0.9089709520339966,
        0.9050132036209106,
        0.9050132036209106,
        0.9195250868797302,
        0.9274406433105469,
        0.934036910533905,
        0.9353561997413635,
        0.940633237361908,
        0.9353561997413635,
        0.936675488948822,
        0.9393140077590942,
        0.934036910533905,
        0.9313983917236328,
        0.9300791621208191,
        0.9287598729133606,
        0.9248021245002747,
        0.9234828352928162,
        0.9287598729133606,
        0.9300791621208191,
        0.934036910533905,
        0.934036910533905,
        0.9327176809310913,
        0.9287598729133606,
        0.9287598729133606,
        0.9300791621208191,
        0.9327176809310913,
        0.9313983917236328,
        0.934036910533905,
        0.9379947185516357,
        0.936675488948822,
        0.936675488948822,
        0.9300791621208191,
        0.9287598729133606,
        0.9300791621208191,
        0.9313983917236328,
        0.9353561997413635,
        0.934036910533905,
        0.9327176809310913,
        0.9313983917236328,
        0.9313983917236328,
        0.9313983917236328,
        0.9353561997413635
    ],
    "baseline Accuracy": [
        0.5514512062072754,
        0.6794195175170898,
        0.7229551672935486,
        0.7493403553962708,
        0.767810046672821,
        0.7796833515167236,
        0.791556715965271,
        0.791556715965271,
        0.7955145239830017,
        0.8007915616035461,
        0.8126649260520935,
        0.8298153281211853,
        0.8350923657417297,
        0.8350923657417297,
        0.831134557723999,
        0.8258575201034546,
        0.831134557723999,
        0.8364115953445435,
        0.8403694033622742,
        0.837730884552002,
        0.8337730765342712,
        0.8350923657417297,
        0.8443271517753601,
        0.8496042490005493,
        0.857519805431366,
        0.8641160726547241,
        0.8641160726547241,
        0.8627968430519104,
        0.8627968430519104,
        0.8654353618621826,
        0.8680738806724548,
        0.870712399482727,
        0.870712399482727,
        0.8733509182929993,
        0.8733509182929993,
        0.870712399482727,
        0.8733509182929993,
        0.8667545914649963,
        0.870712399482727,
        0.8759894371032715,
        0.8746702075004578,
        0.8733509182929993,
        0.8720316886901855,
        0.8733509182929993,
        0.8733509182929993,
        0.87730872631073,
        0.8786279559135437,
        0.8812664747238159,
        0.8812664747238159,
        0.8786279559135437,
        0.8799472451210022
    ]
}