{
    "summation Loss": [
        0.18847012221813203,
        0.08648660853505134,
        0.062399699538946155,
        0.054845673590898515,
        0.04670929796993732,
        0.038566135242581366,
        0.03344283923506737,
        0.0308988556265831,
        0.028087927401065825,
        0.02611471377313137,
        0.024375355616211892,
        0.022934097796678543,
        0.022434340417385103,
        0.022080421820282935,
        0.021156415343284607,
        0.020035648718476295,
        0.01908847950398922,
        0.018399475328624248,
        0.01770483125001192,
        0.016830474138259888,
        0.016203645430505276,
        0.01587606072425842,
        0.015449963510036469,
        0.014826236851513385,
        0.014377968199551106,
        0.014103501848876477,
        0.013842316716909409,
        0.013670659996569157,
        0.013508999161422253,
        0.013285401649773121,
        0.013029070198535919,
        0.012794476002454758,
        0.012659723311662674,
        0.012574385106563567,
        0.012383120693266391,
        0.012164147011935711,
        0.011986665613949298,
        0.011835507862269879,
        0.011727241985499858,
        0.011646916903555394,
        0.011543785780668258,
        0.011382259242236615,
        0.011221100576221943,
        0.011106675490736961,
        0.011004354245960713,
        0.010896234586834908,
        0.010802817344665528,
        0.01069745272397995,
        0.01057824082672596,
        0.01047986913472414,
        0.010398100689053535
    ],
    "mlp Loss": [
        0.30822921395301817,
        0.06540780663490295,
        0.05367268174886704,
        0.055028824508190154,
        0.031997229903936386,
        0.02934369184076786,
        0.02936643734574318,
        0.028145919367671014,
        0.02568231113255024,
        0.02396639361977577,
        0.021864797174930572,
        0.019720035046339034,
        0.01851534880697727,
        0.017524658516049386,
        0.01685383394360542,
        0.01605782676488161,
        0.015567384287714958,
        0.014913779869675636,
        0.014252419956028462,
        0.013902328722178937,
        0.013414999842643738,
        0.013086374662816525,
        0.012687492929399014,
        0.012196525372564793,
        0.011933868005871772,
        0.011705992557108403,
        0.011340541765093803,
        0.011115674301981926,
        0.010795757547020913,
        0.01059215497225523,
        0.010327226296067239,
        0.0102129727602005,
        0.009971007332205772,
        0.009781571850180627,
        0.009602178819477558,
        0.00946414452046156,
        0.00931511726230383,
        0.00917883887887001,
        0.009010007418692113,
        0.008912834152579308,
        0.008782464638352394,
        0.008670977503061294,
        0.00854600565508008,
        0.008435548935085534,
        0.008341250102967024,
        0.008250185195356608,
        0.00814096610993147,
        0.008078142534941435,
        0.008005075063556433,
        0.00795164257287979,
        0.008030443545430898
    ],
    "attention Loss": [
        0.3988667964935303,
        0.10165832787752152,
        0.054215894639492036,
        0.046585249900817874,
        0.0409915916621685,
        0.04150194153189659,
        0.03600401245057583,
        0.033207418769598006,
        0.0314418900758028,
        0.03046575076878071,
        0.028883839771151543,
        0.026888839900493622,
        0.025375182181596755,
        0.02455712892115116,
        0.023545557633042336,
        0.02285189963877201,
        0.022786495462059974,
        0.02254708968102932,
        0.022105596959590912,
        0.021530520170927048,
        0.02105678468942642,
        0.02081250920891762,
        0.0205208208411932,
        0.020010505244135855,
        0.019793254509568214,
        0.019753563031554223,
        0.01968661993741989,
        0.019614194706082343,
        0.019355730339884757,
        0.019006188586354257,
        0.018862256780266762,
        0.018736155331134798,
        0.018572942540049552,
        0.01849805861711502,
        0.018346929177641868,
        0.018224213644862174,
        0.01814214363694191,
        0.018030013889074326,
        0.017995988205075263,
        0.01796528324484825,
        0.01784660667181015,
        0.017755067721009255,
        0.017695940285921096,
        0.017626367509365082,
        0.017573966830968856,
        0.017515529319643973,
        0.017422513291239738,
        0.017362283170223237,
        0.017325837537646292,
        0.017259008809924127,
        0.017189131677150728
    ],
    "baseline Loss": [
        0.8056222915649414,
        0.5916139483451843,
        0.4464066505432129,
        0.33813232779502866,
        0.257916659116745,
        0.20051223933696746,
        0.16006437242031096,
        0.1311297133564949,
        0.10995427966117859,
        0.09419847130775452,
        0.08223505318164825,
        0.07290911078453063,
        0.06542682349681854,
        0.059285815060138705,
        0.054160742461681365,
        0.04978315830230713,
        0.04598947316408157,
        0.042746876180171964,
        0.04003269895911217,
        0.0377432219684124,
        0.03567134775221348,
        0.033716846257448196,
        0.03191081024706364,
        0.030337771773338316,
        0.029051408544182776,
        0.02803779989480972,
        0.02723357193171978,
        0.026556437462568284,
        0.0259358000010252,
        0.025330835580825807,
        0.024746285006403922,
        0.024198839068412782,
        0.023701802268624304,
        0.023257160559296608,
        0.02286330834031105,
        0.02252231612801552,
        0.022230545803904534,
        0.02198164165019989,
        0.021764477342367174,
        0.02156916297972202,
        0.021389011666178702,
        0.021220317110419273,
        0.02106041759252548,
        0.020907385274767876,
        0.0207583736628294,
        0.02061156965792179,
        0.02046651691198349,
        0.02032291404902935,
        0.020179354399442673,
        0.020036040619015694,
        0.019890668615698815
    ]
}