{
    "sum Accuracy": [
        0.49273449182510376,
        0.6565389633178711,
        0.8216644525527954,
        0.8982827067375183,
        0.9286657571792603,
        0.9009246826171875,
        0.8573315739631653,
        0.9009246826171875,
        0.9405547976493835,
        0.9418758153915405,
        0.9418758153915405,
        0.9471598267555237,
        0.9537648558616638,
        0.960369884967804,
        0.9643328785896301,
        0.9630118608474731,
        0.9511228799819946,
        0.9194187521934509,
        0.9075297117233276,
        0.9247027635574341,
        0.9445178508758545,
        0.9511228799819946,
        0.9511228799819946,
        0.9550858736038208,
        0.9537648558616638,
        0.9498018622398376,
        0.9484808444976807,
        0.9498018622398376,
        0.9484808444976807,
        0.9445178508758545,
        0.9471598267555237,
        0.9498018622398376,
        0.9564068913459778,
        0.9564068913459778,
        0.9564068913459778,
        0.959048867225647,
        0.95772784948349,
        0.95772784948349,
        0.9564068913459778,
        0.9524438381195068,
        0.9484808444976807,
        0.9498018622398376,
        0.9498018622398376,
        0.9564068913459778,
        0.95772784948349,
        0.9564068913459778,
        0.9564068913459778,
        0.9524438381195068,
        0.9511228799819946,
        0.9524438381195068,
        0.9524438381195068
    ],
    "mlp Accuracy": [
        0.35006603598594666,
        0.6103038191795349,
        0.7476882338523865,
        0.8177014589309692,
        0.8243064880371094,
        0.8256275057792664,
        0.8177014589309692,
        0.8150594234466553,
        0.8560105562210083,
        0.8982827067375183,
        0.9194187521934509,
        0.9260237812995911,
        0.9339498281478882,
        0.9326288104057312,
        0.9247027635574341,
        0.9167767763137817,
        0.9154557585716248,
        0.9247027635574341,
        0.9326288104057312,
        0.9339498281478882,
        0.9365918040275574,
        0.9365918040275574,
        0.9392338395118713,
        0.9418758153915405,
        0.9445178508758545,
        0.9458388090133667,
        0.9458388090133667,
        0.9431968331336975,
        0.9418758153915405,
        0.9418758153915405,
        0.9418758153915405,
        0.9379128217697144,
        0.9379128217697144,
        0.9379128217697144,
        0.9365918040275574,
        0.9365918040275574,
        0.9352707862854004,
        0.9392338395118713,
        0.9379128217697144,
        0.9379128217697144,
        0.9365918040275574,
        0.9365918040275574,
        0.9379128217697144,
        0.9379128217697144,
        0.9379128217697144,
        0.9379128217697144,
        0.9379128217697144,
        0.9392338395118713,
        0.9392338395118713,
        0.9392338395118713,
        0.9392338395118713
    ],
    "attention Accuracy": [
        0.3315719962120056,
        0.7978863716125488,
        0.8375164866447449,
        0.8890356421470642,
        0.9260237812995911,
        0.9220607876777649,
        0.9458388090133667,
        0.9511228799819946,
        0.9484808444976807,
        0.9445178508758545,
        0.9365918040275574,
        0.9326288104057312,
        0.9326288104057312,
        0.9365918040275574,
        0.9418758153915405,
        0.9498018622398376,
        0.9537648558616638,
        0.9484808444976807,
        0.9431968331336975,
        0.9445178508758545,
        0.9484808444976807,
        0.9498018622398376,
        0.9458388090133667,
        0.9418758153915405,
        0.9431968331336975,
        0.9392338395118713,
        0.9471598267555237,
        0.9511228799819946,
        0.9524438381195068,
        0.9524438381195068,
        0.9524438381195068,
        0.9511228799819946,
        0.9498018622398376,
        0.9511228799819946,
        0.9498018622398376,
        0.9498018622398376,
        0.9498018622398376,
        0.9511228799819946,
        0.9524438381195068,
        0.9511228799819946,
        0.9484808444976807,
        0.9484808444976807,
        0.9524438381195068,
        0.9498018622398376,
        0.9498018622398376,
        0.9484808444976807,
        0.9498018622398376,
        0.9511228799819946,
        0.9498018622398376,
        0.9484808444976807,
        0.9498018622398376
    ],
    "baseline Accuracy": [
        0.3025099039077759,
        0.47424042224884033,
        0.5865257382392883,
        0.690885066986084,
        0.7582562565803528,
        0.7780713438987732,
        0.7807133197784424,
        0.7833553552627563,
        0.8005284070968628,
        0.8124174475669861,
        0.8282694816589355,
        0.8375164866447449,
        0.848084568977356,
        0.8599736094474792,
        0.8665785789489746,
        0.8758256435394287,
        0.8784676194190979,
        0.8678995966911316,
        0.8692206144332886,
        0.8652576208114624,
        0.8718625903129578,
        0.8731836080551147,
        0.883751630783081,
        0.8824306726455688,
        0.883751630783081,
        0.8824306726455688,
        0.8824306726455688,
        0.886393666267395,
        0.8903566598892212,
        0.8943196535110474,
        0.8969616889953613,
        0.8982827067375183,
        0.8996037244796753,
        0.8996037244796753,
        0.8969616889953613,
        0.9009246826171875,
        0.8943196535110474,
        0.8956406712532043,
        0.8969616889953613,
        0.8969616889953613,
        0.8969616889953613,
        0.8982827067375183,
        0.8996037244796753,
        0.8996037244796753,
        0.8996037244796753,
        0.8996037244796753,
        0.9022457003593445,
        0.8996037244796753,
        0.9009246826171875,
        0.9035667181015015,
        0.9035667181015015
    ]
}