{
    "summation Accuracy": {
        "epoch": 37,
        "acc": 94.60317492485046
    },
    "mlp Accuracy": {
        "epoch": 49,
        "acc": 94.1269838809967
    },
    "attention Accuracy": {
        "epoch": 34,
        "acc": 95.15873074531555
    },
    "baseline Accuracy": {
        "epoch": 48,
        "acc": 84.31216835975647
    },
    "emb": 63,
    "lr": 0.01,
    "k": 5
}