{
    "summation Accuracy": [
        0.4582010507583618,
        0.6685185194015503,
        0.7243386149406433,
        0.7513227581977844,
        0.7870370388031006,
        0.8050264596939087,
        0.8272486805915833,
        0.8544973492622375,
        0.8650793671607971,
        0.8671957731246949,
        0.8724867701530457,
        0.8788359642028809,
        0.8830687999725342,
        0.8867724776268006,
        0.8873015999794006,
        0.9002645492553711,
        0.9066137552261353,
        0.9082010626792908,
        0.9129629611968995,
        0.9232804298400878,
        0.9280423283576965,
        0.9246031880378723,
        0.9251322746276855,
        0.920634925365448,
        0.9253968238830567,
        0.9285714149475097,
        0.926719582080841,
        0.9253968358039856,
        0.9304232954978943,
        0.9298941850662231,
        0.9283068776130676,
        0.9283068895339965,
        0.9328042268753052,
        0.9357142925262452,
        0.9386243462562561,
        0.941005289554596,
        0.9417989492416382,
        0.9436508059501648,
        0.9460317492485046,
        0.9452381014823914,
        0.9423280477523803,
        0.9404761910438537,
        0.9407407402992248,
        0.9417989373207092,
        0.9420634984970093,
        0.9417989492416382,
        0.941269850730896,
        0.9404762029647827,
        0.9423280477523803,
        0.9423280477523803,
        0.9431216955184937
    ],
    "mlp Accuracy": [
        0.4746031820774078,
        0.6346560895442963,
        0.7335978746414185,
        0.7484126925468445,
        0.7484126925468445,
        0.7621693134307861,
        0.7783068776130676,
        0.8039682507514954,
        0.8240740776062012,
        0.8420634984970092,
        0.8550264596939087,
        0.8624338746070862,
        0.870634937286377,
        0.8820105910301208,
        0.8833333253860474,
        0.8870370149612427,
        0.8828042268753051,
        0.8846560955047608,
        0.8896825432777404,
        0.8962962865829468,
        0.9068783044815063,
        0.9153439164161682,
        0.920634925365448,
        0.9243386387825012,
        0.9293650627136231,
        0.9275132298469544,
        0.9288359761238099,
        0.9301587224006653,
        0.932275140285492,
        0.9293650627136231,
        0.9243386149406433,
        0.9216931223869324,
        0.9203703761100769,
        0.9208994746208191,
        0.9240740776062012,
        0.9288359761238099,
        0.9309523820877075,
        0.9349206209182739,
        0.9357142925262452,
        0.9359788417816162,
        0.9370370268821716,
        0.9386243224143982,
        0.9399470806121826,
        0.9386243343353271,
        0.9367724895477295,
        0.9351851940155029,
        0.9357142925262452,
        0.9365079402923584,
        0.9386243343353271,
        0.9391534447669982,
        0.9412698388099671
    ],
    "attention Accuracy": [
        0.5182539582252502,
        0.6550264596939087,
        0.7373015761375428,
        0.7619047641754151,
        0.7568783164024353,
        0.8243386387825012,
        0.8415343999862671,
        0.8833333492279053,
        0.8968253970146179,
        0.8888888835906983,
        0.8904761910438538,
        0.8746031880378723,
        0.867460310459137,
        0.8923280358314514,
        0.8992063522338867,
        0.9050264596939087,
        0.9134920477867127,
        0.9105820059776306,
        0.9113756656646729,
        0.9161375761032104,
        0.9275132298469544,
        0.9338624358177186,
        0.9351851940155029,
        0.9388889074325562,
        0.9378306984901428,
        0.9375661253929138,
        0.9388888835906982,
        0.9402116537094116,
        0.9375661492347718,
        0.9396825432777405,
        0.9428571343421936,
        0.9433862328529358,
        0.9449735522270203,
        0.9478836059570312,
        0.9502645611763001,
        0.9515873074531556,
        0.9494709134101867,
        0.9460317492485046,
        0.9447090029716492,
        0.9473544955253601,
        0.9484126925468445,
        0.950000011920929,
        0.9502645611763001,
        0.9494709014892578,
        0.949735450744629,
        0.9505291104316711,
        0.9513227581977844,
        0.9513227581977844,
        0.9486772656440735,
        0.9489418148994446,
        0.9497354626655579
    ],
    "baseline Accuracy": [
        0.47433862686157224,
        0.5682539641857147,
        0.6243386149406434,
        0.6693121552467346,
        0.6955026507377624,
        0.7142857074737549,
        0.7261904835700989,
        0.7420634865760803,
        0.7526455044746398,
        0.764550256729126,
        0.7796296358108521,
        0.7899470806121827,
        0.8007936477661133,
        0.8063492059707642,
        0.8126984119415284,
        0.8185185074806214,
        0.8211640119552612,
        0.8211640238761901,
        0.820370352268219,
        0.820370364189148,
        0.8179894089698792,
        0.8164021134376526,
        0.8158730149269104,
        0.8156084537506103,
        0.8158730149269104,
        0.8179894089698792,
        0.8198412656784058,
        0.823544979095459,
        0.8253968238830567,
        0.8275132298469543,
        0.832275128364563,
        0.8349206328392029,
        0.8380952477455139,
        0.8386243462562561,
        0.8394180059432983,
        0.8402116537094116,
        0.841005289554596,
        0.8404761910438537,
        0.8402116417884826,
        0.8402116417884826,
        0.8391534328460694,
        0.8388888835906982,
        0.8407407283782959,
        0.841005289554596,
        0.8404761791229248,
        0.8407407283782959,
        0.8412698388099671,
        0.8417989373207092,
        0.8428571343421936,
        0.8431216835975647,
        0.8423280358314514
    ]
}