{
    "sum Accuracy": [
        0.4945981502532959,
        0.8010540127754211,
        0.8284584879875183,
        0.8187088370323181,
        0.9544137120246887,
        0.9243741631507874,
        0.9267457127571106,
        0.9457180380821228,
        0.9338603377342224,
        0.9167325258255005,
        0.913306999206543,
        0.9317523002624511,
        0.9517786622047424,
        0.9578392624855041,
        0.956521737575531,
        0.9314888119697571,
        0.9249011993408203,
        0.9238471508026123,
        0.9264822125434875,
        0.9322793126106262,
        0.9341238498687744,
        0.9370223879814148,
        0.9415019750595093,
        0.9454545497894287,
        0.9501976251602173,
        0.9525691747665406,
        0.9515151500701904,
        0.948089599609375,
        0.947299063205719,
        0.9428194999694824,
        0.9428194999694824,
        0.9475625872611999,
        0.9507246375083923,
        0.9520421743392944,
        0.9496706247329711,
        0.9488801121711731,
        0.9475625872611999,
        0.9454545378684998,
        0.9446640372276306,
        0.9480895876884461,
        0.9501976251602173,
        0.9538866877555847,
        0.9512516498565674,
        0.9491436123847962,
        0.9494071245193482,
        0.9491436243057251,
        0.9470355868339538,
        0.947826087474823,
        0.9507246494293213,
        0.9517786622047424,
        0.9515151500701904
    ],
    "mlp Accuracy": [
        0.3312252998352051,
        0.4740447998046875,
        0.695388674736023,
        0.799736487865448,
        0.808168637752533,
        0.8416337370872498,
        0.8403162002563477,
        0.8859025001525879,
        0.9283267498016358,
        0.9436100125312805,
        0.9370224118232727,
        0.9233201503753662,
        0.9093544125556946,
        0.8998682498931885,
        0.8998682379722596,
        0.9090909123420715,
        0.9167325377464295,
        0.9230566620826721,
        0.9333333373069763,
        0.9378129243850708,
        0.9430830121040344,
        0.9428194999694824,
        0.9404479503631592,
        0.939130425453186,
        0.9349143624305725,
        0.930961799621582,
        0.9264822125434875,
        0.9254281878471374,
        0.9259551882743835,
        0.9262187123298645,
        0.9259552001953125,
        0.9291172504425049,
        0.9309617757797242,
        0.9322793245315552,
        0.9333333492279052,
        0.9335968494415283,
        0.9346508622169495,
        0.9325428247451782,
        0.9299077868461609,
        0.9277997374534607,
        0.9280632376670838,
        0.9267457127571106,
        0.9267457127571106,
        0.9291172504425049,
        0.9312252998352051,
        0.9314888119697571,
        0.9317523002624511,
        0.9325428128242492,
        0.9328063130378723,
        0.9320158004760742,
        0.9320158004760742
    ],
    "attention Accuracy": [
        0.3480895936489105,
        0.6927536368370056,
        0.8287220120429992,
        0.8982872128486633,
        0.8758893251419068,
        0.9196310877799988,
        0.9465085744857789,
        0.9272727251052857,
        0.9241106629371643,
        0.9293807744979858,
        0.9335968494415283,
        0.8956521868705749,
        0.904874837398529,
        0.9314888119697571,
        0.9372859120368957,
        0.9396574378013611,
        0.9451910495758057,
        0.9422924876213074,
        0.9425559878349304,
        0.9457180500030518,
        0.9433465003967285,
        0.939130425453186,
        0.9275362253189087,
        0.921475625038147,
        0.9283267498016358,
        0.939130449295044,
        0.9441370248794556,
        0.9459815621376038,
        0.9475625872611999,
        0.9465085625648498,
        0.9420289754867553,
        0.9388669252395629,
        0.9401844501495361,
        0.9428194999694824,
        0.9433465123176574,
        0.9444005370140076,
        0.9438735127449036,
        0.9436100244522094,
        0.9415019750595093,
        0.9415019631385804,
        0.9420289754867553,
        0.9422924757003784,
        0.9412384748458862,
        0.9430830001831054,
        0.9451910495758057,
        0.9454545497894287,
        0.9420289754867553,
        0.9409749746322632,
        0.9438735127449036,
        0.9459815502166748,
        0.9446640372276306
    ],
    "baseline Accuracy": [
        0.45533597469329834,
        0.6669301867485047,
        0.7499341130256653,
        0.7641633749008179,
        0.756258225440979,
        0.7873517751693726,
        0.8242424130439758,
        0.8453227996826171,
        0.851910412311554,
        0.8513834118843079,
        0.8492753744125366,
        0.860079038143158,
        0.869828724861145,
        0.8711462378501892,
        0.8735177874565124,
        0.8735177993774415,
        0.8737812757492065,
        0.869828712940216,
        0.8711462497711182,
        0.8772068619728088,
        0.8814229369163513,
        0.8830039501190186,
        0.8822134375572205,
        0.8835309624671936,
        0.8837944626808166,
        0.8837944626808166,
        0.8819499254226685,
        0.8798418879508972,
        0.8793148756027221,
        0.8787878751754761,
        0.877997362613678,
        0.8774703621864319,
        0.8790513873100281,
        0.8814229249954224,
        0.8851119875907898,
        0.8861659884452819,
        0.8848484754562378,
        0.8845849871635437,
        0.8832674503326416,
        0.8832674622535706,
        0.8840579628944397,
        0.8845849752426147,
        0.8848484754562378,
        0.8843214750289917,
        0.8843214750289917,
        0.8851119995117187,
        0.886956512928009,
        0.8861660122871399,
        0.8856389999389649,
        0.886166000366211,
        0.8864295244216919
    ]
}