{
    "summation Loss": [
        0.2855146646499634,
        0.09310550764203071,
        0.05050441920757294,
        0.038115280121564864,
        0.03416112512350082,
        0.03111320696771145,
        0.02810053639113903,
        0.025371021404862405,
        0.022733105719089507,
        0.02077943757176399,
        0.01924186609685421,
        0.017555047199130057,
        0.01584666036069393,
        0.014685544371604919,
        0.013965517468750476,
        0.013428512774407864,
        0.012845021672546864,
        0.01220680046826601,
        0.011551251262426376,
        0.011019483953714371,
        0.010715155303478241,
        0.010520318895578385,
        0.010340565629303456,
        0.010094761848449707,
        0.00974682979285717,
        0.009420455060899257,
        0.009216402471065522,
        0.009077179990708829,
        0.008920285850763321,
        0.00876394584774971,
        0.008661832846701144,
        0.00859434362500906,
        0.008493014238774776,
        0.008353697136044502,
        0.008235879242420197,
        0.008177183009684086,
        0.008145878091454506,
        0.00809775125235319,
        0.008027864992618561,
        0.007964738830924033,
        0.007921227626502514,
        0.007887942343950271,
        0.007849490363150835,
        0.007798961363732815,
        0.007751749083399773,
        0.007720035128295421,
        0.007697975356131792,
        0.007668032124638557,
        0.007626997213810683,
        0.007583734858781099,
        0.007550773862749338
    ],
    "mlp Loss": [
        0.5159114837646485,
        0.2999871850013733,
        0.1536223441362381,
        0.08989472538232804,
        0.06667856127023697,
        0.058387691527605055,
        0.05406939685344696,
        0.04940910413861275,
        0.04433228075504303,
        0.04016124680638313,
        0.037755847722291944,
        0.036484576761722565,
        0.035150055587291715,
        0.033482611551880835,
        0.031504223868250844,
        0.029603833332657814,
        0.028116122633218766,
        0.02703837528824806,
        0.026189960166811944,
        0.025422026962041856,
        0.02462673410773277,
        0.023834166675806047,
        0.02312353253364563,
        0.022527914866805075,
        0.022036070004105568,
        0.021622007340192796,
        0.021290140599012373,
        0.02106562927365303,
        0.020933486893773078,
        0.020819877460598945,
        0.020652759820222855,
        0.02042482905089855,
        0.020189737156033515,
        0.02001108564436436,
        0.019920623302459715,
        0.019909435510635377,
        0.019944603368639947,
        0.019986768066883088,
        0.020006470009684564,
        0.01999642252922058,
        0.019972313567996024,
        0.019959593191742897,
        0.019976427778601646,
        0.020023808628320695,
        0.02008737213909626,
        0.02014708034694195,
        0.020189449191093445,
        0.02021312341094017,
        0.020225222781300546,
        0.02023366987705231,
        0.02024161033332348
    ],
    "attention Loss": [
        0.4944238841533661,
        0.04361090958118439,
        0.030577846243977545,
        0.03632800504565239,
        0.032520276680588725,
        0.031027406081557275,
        0.027224066108465193,
        0.02471282109618187,
        0.024873186647892,
        0.02692932225763798,
        0.025157616287469865,
        0.025690871477127075,
        0.02356421872973442,
        0.02377154603600502,
        0.021852267161011695,
        0.02112913765013218,
        0.019264087453484534,
        0.019905665889382362,
        0.0189313679933548,
        0.018271274119615554,
        0.01765209771692753,
        0.017697389423847198,
        0.01651181634515524,
        0.01671181544661522,
        0.01620789561420679,
        0.01588434148579836,
        0.015616542287170887,
        0.015186834894120694,
        0.015017321333289146,
        0.014577771909534932,
        0.014379039406776428,
        0.014265091344714164,
        0.013863016106188297,
        0.013554917275905609,
        0.013447916135191917,
        0.01336071901023388,
        0.0131575096398592,
        0.012946042604744435,
        0.012704145349562167,
        0.012562122009694577,
        0.012398822233080864,
        0.012279310077428818,
        0.012112875282764436,
        0.011947329714894294,
        0.011838325113058091,
        0.011660808511078358,
        0.011530161462724208,
        0.011405985988676547,
        0.011269313655793667,
        0.01111926194280386,
        0.010987057723104954
    ],
    "baseline Loss": [
        0.7456463217735291,
        0.5066267967224121,
        0.3495839715003967,
        0.236245796084404,
        0.16069589853286742,
        0.11492540985345841,
        0.08859759122133255,
        0.0729080468416214,
        0.06237758025527,
        0.0543708048760891,
        0.047933004796504974,
        0.04279033318161964,
        0.03870856091380119,
        0.03534427136182785,
        0.03241487555205822,
        0.02972119636833668,
        0.027158992365002632,
        0.024791019409894942,
        0.022781404852867126,
        0.021229951828718185,
        0.020059019327163696,
        0.019090062752366067,
        0.018209657445549966,
        0.017414885573089123,
        0.016745318844914436,
        0.01621093079447746,
        0.015774607285857202,
        0.015395581163465977,
        0.015049570612609387,
        0.014726046286523343,
        0.014429895579814911,
        0.01417394857853651,
        0.013965690694749355,
        0.013803262077271939,
        0.013682552054524422,
        0.01359805315732956,
        0.013539589382708073,
        0.01349519956856966,
        0.013453621044754982,
        0.013405254110693932,
        0.013343984633684159,
        0.013270783983170987,
        0.013189540430903434,
        0.013103310577571392,
        0.013012840040028095,
        0.012919489108026028,
        0.01282427441328764,
        0.012726355902850628,
        0.012623877078294755,
        0.01251599583774805,
        0.012404333986341953
    ]
}