{
    "attention Accuracy": [
        0.38359788060188293
    ],
    "baseline Accuracy": [
        0.29232802987098694
    ]
}