{
    "attention Loss": [
        0.5724296569824219
    ],
    "baseline Loss": [
        0.7568691968917847
    ]
}