{
    "dataset": "AIFB",
    "exp": null,
    "epochs": 51,
    "emb": 63,
    "i": 5,
    "lr": 0.01,
    "hl": 16,
    "summation Accuracy": {
        "epoch": 18,
        "acc": 96.22192859649658
    },
    "mlp Accuracy": {
        "epoch": 6,
        "acc": 95.77278733253479
    },
    "attention Accuracy": {
        "epoch": 40,
        "acc": 96.22192859649658
    },
    "baseline Accuracy": {
        "epoch": 40,
        "acc": 88.92998814582825
    },
    "Test set summation": {
        "mean": 0.9425531983375549,
        "std": 0.003798637949761855
    },
    "Test set mlp": {
        "mean": 0.9382978677749634,
        "std": 0.0023185500009153467
    },
    "Test set attention": {
        "mean": 0.9460106492042542,
        "std": 0.0034266023945002263
    },
    "Test set baseline": {
        "mean": 0.8861702084541321,
        "std": 0.0060996530463832506
    }
}