{
    "summation Accuracy": {
        "epoch": 10,
        "acc": 89.81530427932739
    },
    "mlp Accuracy": {
        "epoch": 44,
        "acc": 88.70712399482727
    },
    "attention Accuracy": {
        "epoch": 42,
        "acc": 89.76253271102905
    },
    "baseline Accuracy": {
        "epoch": 49,
        "acc": 85.69920897483826
    }
}