{
    "Transfer + sum Accuracy": [
        0.5224867463111877,
        0.8148148059844971,
        0.8227513432502747,
        0.8240740895271301,
        0.8769841194152832,
        0.9338624477386475,
        0.9378306865692139,
        0.9285714030265808,
        0.9074074029922485,
        0.8822751045227051,
        0.8756613731384277,
        0.8875661492347717,
        0.9021164178848267,
        0.9179894328117371,
        0.9193121790885925,
        0.9047619104385376,
        0.89682537317276,
        0.89682537317276,
        0.8994709253311157,
        0.9007936716079712,
        0.9060846567153931,
        0.9113756418228149,
        0.9100528955459595,
        0.9100528955459595,
        0.9074074029922485,
        0.9034391641616821,
        0.9021164178848267,
        0.9034391641616821,
        0.9047619104385376,
        0.9126983880996704,
        0.9126983880996704,
        0.9074074029922485,
        0.9074074029922485,
        0.9100528955459595,
        0.908730149269104,
        0.9060846567153931,
        0.908730149269104,
        0.9113756418228149,
        0.9074074029922485,
        0.9047619104385376,
        0.9034391641616821,
        0.9021164178848267,
        0.9021164178848267,
        0.9021164178848267,
        0.9021164178848267,
        0.9034391641616821,
        0.9047619104385376,
        0.9047619104385376,
        0.9060846567153931,
        0.9060846567153931,
        0.9060846567153931
    ],
    "Baseline Accuracy": [
        0.36772486567497253,
        0.04100529104471207,
        0.04100529104471207,
        0.13359788060188293,
        0.31878307461738586,
        0.3531745970249176,
        0.408730149269104,
        0.48544973134994507,
        0.6375661492347717,
        0.7658730149269104,
        0.7923280596733093,
        0.8068783283233643,
        0.8227513432502747,
        0.8240740895271301,
        0.820105791091919,
        0.820105791091919,
        0.820105791091919,
        0.8121693134307861,
        0.8055555820465088,
        0.7989417910575867,
        0.7949735522270203,
        0.7962962985038757,
        0.8042327761650085,
        0.8068783283233643,
        0.8134920597076416,
        0.820105791091919,
        0.8240740895271301,
        0.8346560597419739,
        0.8425925970077515,
        0.8518518805503845,
        0.8571428656578064,
        0.8584656119346619,
        0.8597883582115173,
        0.8611111044883728,
        0.8571428656578064,
        0.8571428656578064,
        0.8558201193809509,
        0.8544973731040955,
        0.8492063283920288,
        0.8478835821151733,
        0.8478835821151733,
        0.8478835821151733,
        0.8478835821151733,
        0.8492063283920288,
        0.85317462682724,
        0.8571428656578064,
        0.8637565970420837,
        0.8664020895957947,
        0.8703703880310059,
        0.8743386268615723,
        0.8743386268615723
    ]
}