{
    "summation Accuracy": {
        "epoch": 22,
        "acc": 94.22163605690002
    },
    "mlp Accuracy": {
        "epoch": 28,
        "acc": 93.74670267105103
    },
    "attention Accuracy": {
        "epoch": 17,
        "acc": 93.82585883140564
    },
    "baseline Accuracy": {
        "epoch": 28,
        "acc": 85.03957748413086
    },
    "emb": 63,
    "lr": 0.01,
    "k": 5
}