{
    "summation Loss": [
        0.19642485082149505,
        0.07470280975103379,
        0.04535605907440186,
        0.0328276015818119,
        0.02633998841047287,
        0.021931638568639757,
        0.02097821719944477,
        0.020421692728996278,
        0.018227188661694527,
        0.016593404486775397,
        0.01613792050629854,
        0.015710591152310372,
        0.014623509719967842,
        0.013625082559883595,
        0.013151741959154606,
        0.012618668377399445,
        0.011869382485747338,
        0.011331107653677463,
        0.010960240289568901,
        0.010648110881447792,
        0.01040689405053854,
        0.01018393486738205,
        0.009982689842581749,
        0.009811557643115521,
        0.009580960124731063,
        0.009319130517542362,
        0.009114684350788594,
        0.00896538682281971,
        0.008833127561956644,
        0.008699136599898339,
        0.008581901341676712,
        0.008496261481195689,
        0.008386302553117276,
        0.008246744517236948,
        0.008137428294867277,
        0.008059545140713453,
        0.007978841289877891,
        0.007891012262552977,
        0.007818130590021611,
        0.00775980893522501,
        0.007696843333542347,
        0.00762464888393879,
        0.00756642147898674,
        0.007519342750310898,
        0.007464486453682184,
        0.007405323069542646,
        0.00735504636541009,
        0.00730337044224143,
        0.007247974444180727,
        0.007196803390979767,
        0.007153008226305246
    ],
    "mlp Loss": [
        0.5163676738739014,
        0.3088847309350967,
        0.16950305104255675,
        0.10430861413478851,
        0.07662356346845627,
        0.06420120671391487,
        0.057171238213777544,
        0.050058874487876895,
        0.04278623759746551,
        0.037268415093421936,
        0.03449861034750938,
        0.033851596713066104,
        0.033545919507741925,
        0.03149254471063614,
        0.028583145514130593,
        0.026165949925780297,
        0.0249166589230299,
        0.024576837196946144,
        0.02451178841292858,
        0.02425336465239525,
        0.02367101013660431,
        0.022860369086265563,
        0.022020617872476576,
        0.021342572942376136,
        0.020885597541928293,
        0.020536719262599944,
        0.020201107114553453,
        0.019918693229556084,
        0.01972185932099819,
        0.01957722119987011,
        0.019456344842910766,
        0.019354036077857018,
        0.01926509998738766,
        0.01918625719845295,
        0.019123735278844832,
        0.019083509221673012,
        0.01906132698059082,
        0.01904943473637104,
        0.019046673178672792,
        0.019058776274323463,
        0.019088879972696305,
        0.019129885360598564,
        0.019166326522827147,
        0.019187646731734277,
        0.019199168682098387,
        0.019215453416109085,
        0.01924390159547329,
        0.019278577715158462,
        0.019310373067855834,
        0.01933675482869148,
        0.01936112716794014
    ],
    "attention Loss": [
        0.4942977845668793,
        0.04684213176369667,
        0.03211857490241528,
        0.027900805696845055,
        0.029528309777379035,
        0.027821875736117364,
        0.027908648177981377,
        0.026778444647789,
        0.02474226802587509,
        0.022460343316197395,
        0.02061217501759529,
        0.019428681954741477,
        0.020361728966236115,
        0.018355291895568372,
        0.017915495112538336,
        0.017788783833384513,
        0.01818446572870016,
        0.016487884148955346,
        0.01661914587020874,
        0.016538931243121623,
        0.015824295580387115,
        0.01520317755639553,
        0.015263092517852784,
        0.015094821341335773,
        0.01491619534790516,
        0.014554761908948421,
        0.014295459724962711,
        0.013990987464785576,
        0.01389763168990612,
        0.013993427902460099,
        0.013686210289597512,
        0.013463214412331581,
        0.013475246727466583,
        0.013360322080552578,
        0.013022937066853046,
        0.012951909378170968,
        0.01291988417506218,
        0.012767223455011845,
        0.012649282068014144,
        0.012468134239315986,
        0.01230224221944809,
        0.0122282600030303,
        0.01206598076969385,
        0.011963178031146526,
        0.011843556351959706,
        0.01172386184334755,
        0.011653891950845718,
        0.011598634533584118,
        0.011548084393143653,
        0.011721450090408325,
        0.011200346797704697
    ],
    "baseline Loss": [
        0.8080908179283142,
        0.5399741709232331,
        0.3803760290145874,
        0.2712618887424469,
        0.1982670396566391,
        0.15066769868135452,
        0.11911396086215972,
        0.09716128259897232,
        0.0819989025592804,
        0.07118931636214257,
        0.0625403456389904,
        0.05450906455516815,
        0.04786718562245369,
        0.04291469007730484,
        0.039016444236040115,
        0.03536861762404442,
        0.032135773077607156,
        0.029808013513684273,
        0.027970997989177702,
        0.026182492449879646,
        0.02441115789115429,
        0.02280823439359665,
        0.021490775048732758,
        0.02049562893807888,
        0.019759262353181838,
        0.019196372106671335,
        0.018725278228521346,
        0.018264302611351015,
        0.01776002682745457,
        0.017234339192509652,
        0.01674103643745184,
        0.016325527988374233,
        0.016006136685609816,
        0.015776867419481276,
        0.01561329010874033,
        0.0154785031452775,
        0.015340439975261688,
        0.015187519788742065,
        0.015027020126581192,
        0.014874329417943954,
        0.014741524122655392,
        0.014624842070043087,
        0.014517641440033913,
        0.01441886480897665,
        0.014330866374075412,
        0.014252281747758389,
        0.01417402010411024,
        0.014085713401436805,
        0.013983025588095188,
        0.013869751803576946,
        0.013752761855721473
    ]
}