{
    "summation Accuracy": [
        0.5997357964515686,
        0.6710700392723083,
        0.7622193098068237,
        0.8560105562210083,
        0.8824306726455688,
        0.9141347408294678,
        0.9048877358436584,
        0.9022457003593445,
        0.918097734451294,
        0.9445178508758545,
        0.9471598267555237,
        0.9524438381195068,
        0.9511228799819946,
        0.9550858736038208,
        0.9498018622398376,
        0.9445178508758545,
        0.9418758153915405,
        0.9431968331336975,
        0.9498018622398376,
        0.9524438381195068,
        0.9550858736038208,
        0.9564068913459778,
        0.95772784948349,
        0.959048867225647,
        0.9550858736038208,
        0.9537648558616638,
        0.9511228799819946,
        0.9511228799819946,
        0.9524438381195068,
        0.9537648558616638,
        0.9537648558616638,
        0.95772784948349,
        0.9550858736038208,
        0.9537648558616638,
        0.9537648558616638,
        0.9524438381195068,
        0.9537648558616638,
        0.9550858736038208,
        0.95772784948349,
        0.9564068913459778,
        0.9550858736038208,
        0.9537648558616638,
        0.9524438381195068,
        0.9524438381195068,
        0.9537648558616638,
        0.9550858736038208,
        0.9564068913459778,
        0.9564068913459778,
        0.9564068913459778,
        0.9537648558616638,
        0.9537648558616638
    ],
    "baseline Accuracy": [
        0.5231175422668457,
        0.5521796345710754,
        0.5667107105255127,
        0.577278733253479,
        0.6036987900733948,
        0.6565389633178711,
        0.7107001543045044,
        0.7516512274742126,
        0.7754293084144592,
        0.7859973311424255,
        0.7807133197784424,
        0.7873183488845825,
        0.8005284070968628,
        0.8137384653091431,
        0.8243064880371094,
        0.8243064880371094,
        0.8190224766731262,
        0.8097754120826721,
        0.8084544539451599,
        0.805812418460846,
        0.805812418460846,
        0.8110964298248291,
        0.8137384653091431,
        0.8137384653091431,
        0.8163804411888123,
        0.8190224766731262,
        0.8190224766731262,
        0.8216644525527954,
        0.8229854702949524,
        0.8256275057792664,
        0.8269484639167786,
        0.8295904994010925,
        0.8309115171432495,
        0.8295904994010925,
        0.8309115171432495,
        0.8269484639167786,
        0.8229854702949524,
        0.8216644525527954,
        0.8203434348106384,
        0.8177014589309692,
        0.8177014589309692,
        0.8177014589309692,
        0.8177014589309692,
        0.8190224766731262,
        0.8190224766731262,
        0.8177014589309692,
        0.8216644525527954,
        0.8229854702949524,
        0.8269484639167786,
        0.8269484639167786,
        0.8269484639167786
    ]
}