{
    "summation Accuracy": {
        "epoch": 3,
        "acc": 94.26684260368347
    },
    "mlp Accuracy": {
        "epoch": 3,
        "acc": 95.85204720497131
    },
    "attention Accuracy": {
        "epoch": 5,
        "acc": 94.31968331336975
    },
    "baseline Accuracy": {
        "epoch": 44,
        "acc": 86.3672399520874
    },
    "emb": 63,
    "lr": 0.01,
    "k": 5
}