{
    "summation Loss": [
        0.10527336150407791,
        0.06361959800124169,
        0.04959933906793594,
        0.04308396279811859,
        0.03829216808080673,
        0.03533609062433243,
        0.03341913670301437,
        0.0315631240606308,
        0.029776715859770774,
        0.028418908640742303,
        0.027410921454429627,
        0.02653161883354187,
        0.02573133520781994,
        0.025038613751530648,
        0.024445420131087303,
        0.023932000622153282,
        0.02351032756268978,
        0.023166416585445403,
        0.022857216745615007,
        0.022567014768719675,
        0.02233487628400326,
        0.022184197232127188,
        0.022067585214972495,
        0.021917910128831864,
        0.021739210933446884,
        0.021593674272298812,
        0.02148854695260525,
        0.021366963163018227,
        0.021208709478378295,
        0.021056686341762543,
        0.020929117873311042,
        0.020796793326735497,
        0.020648323372006415,
        0.020505168288946152,
        0.02037251591682434,
        0.020235868543386458,
        0.020090151205658914,
        0.01994536370038986,
        0.019807279109954834,
        0.019672543555498124,
        0.019534391164779664,
        0.01939322054386139,
        0.019256557151675225,
        0.019130176678299905,
        0.01900794878602028,
        0.018881164863705634,
        0.018753185123205184,
        0.018629887700080873,
        0.01851186193525791,
        0.018398289382457734,
        0.018288266286253928
    ],
    "mlp Loss": [
        0.24522874355316163,
        0.16466597020626067,
        0.11620435565710067,
        0.08970561027526855,
        0.07548472732305526,
        0.06726752370595931,
        0.061623016744852065,
        0.057120926678180695,
        0.05342781096696854,
        0.05053941681981087,
        0.0483344092965126,
        0.046608516573905946,
        0.04524602293968201,
        0.04417629539966583,
        0.04327256605029106,
        0.04241662994027138,
        0.041557084769010544,
        0.04072570279240608,
        0.039990828931331636,
        0.03939324989914894,
        0.038931486755609514,
        0.03857251480221748,
        0.03826921209692955,
        0.037978386878967284,
        0.03767635226249695,
        0.037364081293344495,
        0.037059658020734784,
        0.036786025017499925,
        0.036560763418674466,
        0.036388497799634933,
        0.03625886589288711,
        0.03615606352686882,
        0.036073072254657744,
        0.036013635247945784,
        0.03598069548606873,
        0.03596832454204559,
        0.035967613011598586,
        0.03597681596875191,
        0.03600003346800804,
        0.03603869527578354,
        0.03608903363347053,
        0.03614775314927101,
        0.036214138567447665,
        0.036285558342933656,
        0.03635430634021759,
        0.03641148656606674,
        0.036452431976795194,
        0.036477969586849214,
        0.036491936445236205,
        0.036498062312603,
        0.036498062312603
    ],
    "attention Loss": [
        0.25776343047618866,
        0.10826248526573182,
        0.06871319860219956,
        0.05915695726871491,
        0.053377886116504666,
        0.04784486889839172,
        0.044499654322862625,
        0.04422025457024574,
        0.04277458041906357,
        0.039767449349164964,
        0.03726845979690552,
        0.036057477444410325,
        0.03566625714302063,
        0.035414008051157,
        0.03525489792227745,
        0.03494207859039307,
        0.034418069571256635,
        0.033885813504457477,
        0.033365944772958754,
        0.03283122852444649,
        0.03229372277855873,
        0.03182339444756508,
        0.03146023005247116,
        0.03115585185587406,
        0.03085033632814884,
        0.030556297674775124,
        0.03029331788420677,
        0.03005427271127701,
        0.029853980243206023,
        0.029699577763676644,
        0.029547805711627007,
        0.029391928762197494,
        0.02925941050052643,
        0.02915555573999882,
        0.029080096632242203,
        0.02899893745779991,
        0.028890617936849595,
        0.028788743540644646,
        0.028708672896027566,
        0.028622692823410033,
        0.02850162871181965,
        0.02837696112692356,
        0.02827143371105194,
        0.02815394140779972,
        0.028004099056124686,
        0.027877886593341828,
        0.027795805782079696,
        0.027738497033715247,
        0.02766493260860443,
        0.027568668499588965,
        0.027465834841132165
    ],
    "baseline Loss": [
        0.7653962254524231,
        0.6090685486793518,
        0.4903567910194397,
        0.39436292052268984,
        0.31576613187789915,
        0.252985817193985,
        0.20461267828941346,
        0.16846461594104767,
        0.1419368267059326,
        0.12257206439971924,
        0.10829226672649384,
        0.09747806340456008,
        0.08897016644477844,
        0.08200461715459824,
        0.07612802386283875,
        0.07110212296247483,
        0.06680038571357727,
        0.0631309650838375,
        0.06000071838498115,
        0.05728779211640358,
        0.05485745891928673,
        0.052607381343841554,
        0.05048903301358223,
        0.04851484969258309,
        0.046735959500074385,
        0.04519766420125961,
        0.043911132216453555,
        0.042840895056724546,
        0.04192013293504715,
        0.04108087420463562,
        0.040281986445188524,
        0.03951621875166893,
        0.03879399076104164,
        0.03812656328082085,
        0.03751843646168709,
        0.03696773797273636,
        0.03647152557969093,
        0.03602462187409401,
        0.03562023714184761,
        0.035251927375793454,
        0.034912791848182675,
        0.03459561318159103,
        0.034295625239610675,
        0.03400873094797134,
        0.03373338058590889,
        0.033466434478759764,
        0.033207408338785174,
        0.03295551463961601,
        0.03271091543138027,
        0.03247325643897057,
        0.03224009126424789
    ]
}