{
    "summation Accuracy": [
        0.564953887462616,
        0.756258237361908,
        0.8245059370994567,
        0.8677206754684448,
        0.8808959126472473,
        0.8924901127815247,
        0.9032938003540039,
        0.9227931499481201,
        0.9357048749923706,
        0.9367588996887207,
        0.9349143743515015,
        0.9351778745651245,
        0.9354413747787476,
        0.9343873500823975,
        0.9325428247451782,
        0.9306982755661011,
        0.9293807744979858,
        0.9312252879142762,
        0.9349143505096436,
        0.9383399248123169,
        0.9399209499359131,
        0.9401844501495361,
        0.9396574378013611,
        0.9380764126777649,
        0.9383399248123169,
        0.9372859001159668,
        0.9372859001159668,
        0.9378129124641419,
        0.939130437374115,
        0.9383399248123169,
        0.9401844620704651,
        0.939393937587738,
        0.9388669252395629,
        0.9378129243850708,
        0.9372859120368957,
        0.9367588996887207,
        0.9375494122505188,
        0.9380764245986939,
        0.939393949508667,
        0.939130449295044,
        0.939130437374115,
        0.938866937160492,
        0.938866937160492,
        0.9378129005432129,
        0.9378129124641419,
        0.9375494003295899,
        0.9372859001159668,
        0.938339912891388,
        0.9388669252395629,
        0.9380764126777649,
        0.9372858881950379
    ],
    "mlp Accuracy": [
        0.3949934124946594,
        0.5304347813129425,
        0.6582345247268677,
        0.7541501879692077,
        0.8147562503814697,
        0.8329380869865417,
        0.8392621994018554,
        0.8408432245254517,
        0.8561264872550964,
        0.877997362613678,
        0.8951251626014709,
        0.91277996301651,
        0.9267457246780395,
        0.9322793126106262,
        0.9341238379478455,
        0.9280632376670838,
        0.9185770750045776,
        0.912779974937439,
        0.9111989617347718,
        0.9119894623756408,
        0.9154150247573852,
        0.9162055253982544,
        0.9193675756454468,
        0.9233201503753662,
        0.9285902619361878,
        0.9325428247451782,
        0.9346508622169495,
        0.9351778745651245,
        0.9370224118232727,
        0.9362318873405456,
        0.9349143505096436,
        0.9335968494415283,
        0.9328063249588012,
        0.9333333373069763,
        0.9333333373069763,
        0.9338603377342224,
        0.9335968494415283,
        0.9333333253860474,
        0.9338603377342224,
        0.9328063130378723,
        0.9325428128242492,
        0.9338603496551514,
        0.9338603496551514,
        0.9343873620033264,
        0.9346508741378784,
        0.9349143743515015,
        0.9349143624305725,
        0.9343873500823975,
        0.9343873500823975,
        0.9335968494415283,
        0.9330698251724243
    ],
    "attention Accuracy": [
        0.42239789962768554,
        0.7723320245742797,
        0.8350461244583129,
        0.8969696998596192,
        0.9159420251846313,
        0.9451910376548767,
        0.9517786622047424,
        0.9491436004638671,
        0.9241106629371643,
        0.9185770750045776,
        0.9230566501617432,
        0.9320158004760742,
        0.939920961856842,
        0.9420289874076844,
        0.9333333373069763,
        0.9259552121162414,
        0.9288537502288818,
        0.930171275138855,
        0.9359683752059936,
        0.9415019750595093,
        0.9446640372276306,
        0.9425559997558594,
        0.9364953875541687,
        0.9372859001159668,
        0.9359683871269227,
        0.9351778626441956,
        0.9372859001159668,
        0.9378129124641419,
        0.9372859001159668,
        0.9354413747787476,
        0.9367588996887207,
        0.939130437374115,
        0.93860342502594,
        0.9380764126777649,
        0.9378129005432129,
        0.9380764126777649,
        0.938339912891388,
        0.9372859001159668,
        0.9372859001159668,
        0.939130437374115,
        0.938339912891388,
        0.9375494122505188,
        0.9362318754196167,
        0.9351778626441956,
        0.938339912891388,
        0.939130437374115,
        0.9396574378013611,
        0.9386034131050109,
        0.9386034369468689,
        0.9380764245986939,
        0.9380764245986939
    ],
    "baseline Accuracy": [
        0.5512516498565674,
        0.6271409749984741,
        0.6919631004333496,
        0.7320158123970032,
        0.756521737575531,
        0.7696969628334045,
        0.7744400501251221,
        0.7826086997985839,
        0.791304349899292,
        0.8036890625953674,
        0.818181824684143,
        0.8305665373802185,
        0.8400526881217957,
        0.8450592994689942,
        0.8498023867607116,
        0.8503293752670288,
        0.8532279372215271,
        0.8555994749069213,
        0.8587615251541137,
        0.8624505996704102,
        0.8640316247940063,
        0.8664031624794006,
        0.8650856375694275,
        0.8661396622657775,
        0.8716732501983643,
        0.8735177755355835,
        0.8758893251419068,
        0.8766798377037048,
        0.8764163255691528,
        0.8785243630409241,
        0.878524374961853,
        0.878260862827301,
        0.8790513873100281,
        0.8798418998718261,
        0.8814229130744934,
        0.8808959126472473,
        0.8808959126472473,
        0.8801054120063782,
        0.8793148756027221,
        0.8801053881645202,
        0.8801054000854492,
        0.8806324124336242,
        0.8808959126472473,
        0.8806324124336242,
        0.8827404499053955,
        0.8837944626808166,
        0.8845849752426147,
        0.8853754878044129,
        0.8848484754562378,
        0.8851119995117187,
        0.8866930127143859
    ]
}