{
    "summation Accuracy": [
        0.4494055509567261,
        0.6179656505584716,
        0.7920739889144898,
        0.8599735856056213,
        0.8779392242431641,
        0.8980184912681579,
        0.917569351196289,
        0.9268163919448853,
        0.9315719962120056,
        0.9297225832939148,
        0.931836199760437,
        0.9344781994819641,
        0.9402906060218811,
        0.9482166528701782,
        0.9542932510375977,
        0.9553500652313233,
        0.954557466506958,
        0.9524438619613648,
        0.9490092396736145,
        0.9450462341308594,
        0.9410832285881042,
        0.9408190131187439,
        0.9424042224884033,
        0.9437252283096313,
        0.9442536354064941,
        0.9450462222099304,
        0.9458388447761535,
        0.9471598267555237,
        0.9490092515945434,
        0.9492734551429749,
        0.9482166528701782,
        0.9466314435005188,
        0.9471598386764526,
        0.9466314315795898,
        0.9479524493217468,
        0.9482166409492493,
        0.9476882338523864,
        0.9463672280311585,
        0.9466314315795898,
        0.9461030244827271,
        0.9466314315795898,
        0.9474240303039551,
        0.9479524374008179,
        0.9476882457733155,
        0.9471598386764526,
        0.9466314315795898,
        0.9455746293067933,
        0.9442536234855652,
        0.9442536354064941,
        0.944782018661499,
        0.9442536234855652
    ],
    "mlp Accuracy": [
        0.3532364547252655,
        0.5236459732055664,
        0.5923381805419922,
        0.616908848285675,
        0.7204755663871765,
        0.798678994178772,
        0.8134742379188538,
        0.8303830981254577,
        0.8612945914268494,
        0.8826948404312134,
        0.892206072807312,
        0.8969617009162902,
        0.901981508731842,
        0.9109643220901489,
        0.9167767643928528,
        0.9210039615631104,
        0.9217965602874756,
        0.9260237812995911,
        0.9289299726486206,
        0.9355350136756897,
        0.9379128217697144,
        0.9392338156700134,
        0.9426684260368348,
        0.9431968331336975,
        0.9431968331336975,
        0.9413474321365356,
        0.9392338156700134,
        0.9387054085731507,
        0.937648606300354,
        0.9381770014762878,
        0.9387054204940796,
        0.9392338037490845,
        0.9394980192184448,
        0.9405548214912415,
        0.9410832285881042,
        0.9394980192184448,
        0.9387054085731507,
        0.9384412169456482,
        0.9384412050247193,
        0.9387054204940796,
        0.9387054204940796,
        0.9384412169456482,
        0.9379128217697144,
        0.9371202111244201,
        0.9355350017547608,
        0.9347424030303955,
        0.9342139959335327,
        0.9336856007575989,
        0.9336856007575989,
        0.9339498043060303,
        0.9342139959335327
    ],
    "attention Accuracy": [
        0.36776750683784487,
        0.6929986715316773,
        0.8126816391944885,
        0.8457067370414734,
        0.885072660446167,
        0.9252311825752259,
        0.9318361878395081,
        0.9188903570175171,
        0.9244385719299316,
        0.948745048046112,
        0.9535006523132324,
        0.9490092396736145,
        0.9445178389549256,
        0.9365918159484863,
        0.9323645949363708,
        0.9416116237640381,
        0.9505944371223449,
        0.9569352626800537,
        0.9564068794250489,
        0.9556142568588257,
        0.9529722690582275,
        0.9503302454948426,
        0.9479524493217468,
        0.9503302574157715,
        0.9527080655097961,
        0.9574636816978455,
        0.955878472328186,
        0.9535006642341614,
        0.9542932629585266,
        0.954557478427887,
        0.9519154548645019,
        0.9524438619613648,
        0.954557454586029,
        0.9542932629585266,
        0.954557466506958,
        0.9553500771522522,
        0.955878472328186,
        0.9553500771522522,
        0.9521796703338623,
        0.9519154548645019,
        0.9537648677825927,
        0.954557466506958,
        0.9553500652313233,
        0.9553500771522522,
        0.9550858736038208,
        0.954557466506958,
        0.954557478427887,
        0.9548216581344604,
        0.9569352746009827,
        0.9566710710525512,
        0.9566710710525512
    ],
    "baseline Accuracy": [
        0.5270805716514587,
        0.5891677677631378,
        0.633817708492279,
        0.6684280157089233,
        0.6940554738044739,
        0.7170409560203552,
        0.7302509903907776,
        0.7439894318580628,
        0.7574636697769165,
        0.7606340885162354,
        0.7585204839706421,
        0.7669749140739441,
        0.7756935238838196,
        0.783091151714325,
        0.7952443838119507,
        0.8063408136367798,
        0.816908860206604,
        0.8250990748405457,
        0.8303830862045288,
        0.839630126953125,
        0.8446499347686768,
        0.849405562877655,
        0.8507265448570251,
        0.8520475506782532,
        0.852575957775116,
        0.8531043648719787,
        0.8523117661476135,
        0.8533685564994812,
        0.8544253706932068,
        0.8549537658691406,
        0.8575957536697387,
        0.8597093820571899,
        0.8591809630393982,
        0.8615587830543519,
        0.8631439924240112,
        0.8647292017936706,
        0.8665785908699035,
        0.8692206025123597,
        0.8731836199760437,
        0.8758256196975708,
        0.8797886371612549,
        0.8813738346099853,
        0.8840158581733704,
        0.8866578578948975,
        0.889564061164856,
        0.8900924682617187,
        0.8906208634376526,
        0.8900924563407898,
        0.8890356659889221,
        0.8879788517951965,
        0.8877146601676941
    ]
}