{
    "sum Accuracy": [
        0.4472295641899109,
        0.8443271517753601,
        0.8852242827415466,
        0.916886568069458,
        0.9261213541030884,
        0.9313983917236328,
        0.9379947185516357,
        0.9327176809310913,
        0.9327176809310913,
        0.936675488948822,
        0.9445910453796387,
        0.940633237361908,
        0.9353561997413635,
        0.940633237361908,
        0.9459102749824524,
        0.9525066018104553,
        0.9472295641899109,
        0.9485487937927246,
        0.9525066018104553,
        0.9564643502235413,
        0.9617414474487305,
        0.9630606770515442,
        0.9591029286384583,
        0.9564643502235413,
        0.9551451206207275,
        0.9591029286384583,
        0.9617414474487305,
        0.960422158241272,
        0.960422158241272,
        0.9617414474487305,
        0.9617414474487305,
        0.9617414474487305,
        0.9630606770515442,
        0.9630606770515442,
        0.9617414474487305,
        0.9630606770515442,
        0.960422158241272,
        0.960422158241272,
        0.960422158241272,
        0.9591029286384583,
        0.9591029286384583,
        0.9577836394309998,
        0.9551451206207275,
        0.9551451206207275,
        0.9551451206207275,
        0.9564643502235413,
        0.9564643502235413,
        0.9564643502235413,
        0.9564643502235413,
        0.9564643502235413,
        0.9564643502235413
    ],
    "mlp Accuracy": [
        0.6807388067245483,
        0.8153034448623657,
        0.8087071180343628,
        0.8337730765342712,
        0.9010553956031799,
        0.7810026407241821,
        0.9261213541030884,
        0.9274406433105469,
        0.9182057976722717,
        0.8482849597930908,
        0.9261213541030884,
        0.9511873126029968,
        0.9511873126029968,
        0.9485487937927246,
        0.9498680830001831,
        0.9445910453796387,
        0.9063324332237244,
        0.9327176809310913,
        0.953825831413269,
        0.953825831413269,
        0.953825831413269,
        0.9564643502235413,
        0.9551451206207275,
        0.9327176809310913,
        0.9445910453796387,
        0.9577836394309998,
        0.9630606770515442,
        0.9591029286384583,
        0.9577836394309998,
        0.9511873126029968,
        0.9432717561721802,
        0.9459102749824524,
        0.9472295641899109,
        0.9511873126029968,
        0.9591029286384583,
        0.9564643502235413,
        0.9551451206207275,
        0.9551451206207275,
        0.953825831413269,
        0.9551451206207275,
        0.9551451206207275,
        0.9577836394309998,
        0.9577836394309998,
        0.9551451206207275,
        0.9564643502235413,
        0.9577836394309998,
        0.9577836394309998,
        0.9591029286384583,
        0.960422158241272,
        0.9617414474487305,
        0.960422158241272
    ],
    "attention Accuracy": [
        0.5897097587585449,
        0.5897097587585449,
        0.7981530427932739,
        0.850923478603363,
        0.8918206095695496,
        0.8944591283798218,
        0.897097647190094,
        0.9089709520339966,
        0.9274406433105469,
        0.9287598729133606,
        0.9287598729133606,
        0.9300791621208191,
        0.9313983917236328,
        0.9234828352928162,
        0.9234828352928162,
        0.9300791621208191,
        0.940633237361908,
        0.9353561997413635,
        0.936675488948822,
        0.9485487937927246,
        0.953825831413269,
        0.953825831413269,
        0.940633237361908,
        0.936675488948822,
        0.940633237361908,
        0.9459102749824524,
        0.9485487937927246,
        0.9525066018104553,
        0.9472295641899109,
        0.9419525265693665,
        0.9393140077590942,
        0.9432717561721802,
        0.9459102749824524,
        0.9419525265693665,
        0.940633237361908,
        0.9472295641899109,
        0.9511873126029968,
        0.9498680830001831,
        0.9445910453796387,
        0.9432717561721802,
        0.9472295641899109,
        0.9498680830001831,
        0.9511873126029968,
        0.9498680830001831,
        0.9472295641899109,
        0.9511873126029968,
        0.9511873126029968,
        0.9525066018104553,
        0.9498680830001831,
        0.9511873126029968,
        0.9511873126029968
    ],
    "baseline Accuracy": [
        0.2941952645778656,
        0.4300791621208191,
        0.5804749131202698,
        0.6649076342582703,
        0.7269129157066345,
        0.7546173930168152,
        0.7691292762756348,
        0.7638522386550903,
        0.7625330090522766,
        0.7770448327064514,
        0.7981530427932739,
        0.8218997120857239,
        0.8324538469314575,
        0.8456464409828186,
        0.850923478603363,
        0.857519805431366,
        0.8667545914649963,
        0.8733509182929993,
        0.8746702075004578,
        0.8733509182929993,
        0.8746702075004578,
        0.8812664747238159,
        0.8825857639312744,
        0.8825857639312744,
        0.8759894371032715,
        0.8759894371032715,
        0.8759894371032715,
        0.8720316886901855,
        0.8667545914649963,
        0.8654353618621826,
        0.8667545914649963,
        0.8641160726547241,
        0.8680738806724548,
        0.8733509182929993,
        0.8720316886901855,
        0.8733509182929993,
        0.8786279559135437,
        0.8812664747238159,
        0.8812664747238159,
        0.8812664747238159,
        0.8839049935340881,
        0.8825857639312744,
        0.8825857639312744,
        0.8839049935340881,
        0.8839049935340881,
        0.8839049935340881,
        0.8812664747238159,
        0.8812664747238159,
        0.8799472451210022,
        0.8786279559135437,
        0.8799472451210022
    ]
}