{
    "summation Accuracy": [
        0.4261213779449463,
        0.6350923538208008,
        0.768865430355072,
        0.8638522386550903,
        0.9087071180343628,
        0.9213720321655273,
        0.9261213779449463,
        0.9364116072654725,
        0.9427440643310547,
        0.937730860710144,
        0.9343007922172546,
        0.937730872631073,
        0.9432717561721802,
        0.9451187372207641,
        0.9422163486480712,
        0.939577841758728,
        0.9419525146484375,
        0.9427440762519836,
        0.9440633177757263,
        0.9451187372207641,
        0.9461741328239441,
        0.9432717800140381,
        0.9430079221725464,
        0.9430079102516175,
        0.9435356020927429,
        0.9448548793792725,
        0.9464379787445069,
        0.9474933981895447,
        0.949076521396637,
        0.9474934101104736,
        0.9474933981895447,
        0.9474933981895447,
        0.9469657063484191,
        0.9482849597930908,
        0.9469656944274902,
        0.9448548793792725,
        0.9440633177757263,
        0.9451187372207641,
        0.9448548793792725,
        0.9453825712203979,
        0.9445910215377807,
        0.9437994599342346,
        0.9443271875381469,
        0.9443271875381469,
        0.9443271875381469,
        0.9440633177757263,
        0.944327175617218,
        0.9427440643310547,
        0.9422163605690003,
        0.9424802184104919,
        0.9424802184104919
    ],
    "mlp Accuracy": [
        0.30738787055015565,
        0.5266490697860717,
        0.6213720321655274,
        0.6796833872795105,
        0.7704485535621644,
        0.8274406433105469,
        0.8324538230895996,
        0.834036934375763,
        0.8530342936515808,
        0.8812664866447448,
        0.901846969127655,
        0.90474933385849,
        0.9052770495414734,
        0.916094982624054,
        0.9261213660240173,
        0.9308707118034363,
        0.929287588596344,
        0.9277044773101807,
        0.926385223865509,
        0.9271767735481262,
        0.9274406194686889,
        0.9253298163414001,
        0.9250659584999085,
        0.9224274396896363,
        0.9200527787208557,
        0.919788920879364,
        0.9200527787208557,
        0.919788932800293,
        0.9240105509757995,
        0.9258575201034546,
        0.9277044773101807,
        0.9287599086761474,
        0.9284960389137268,
        0.9287598967552185,
        0.929287600517273,
        0.929287588596344,
        0.9295514583587646,
        0.9290237426757812,
        0.9287598848342895,
        0.9277044773101807,
        0.9274406433105469,
        0.9269129276275635,
        0.9261213660240173,
        0.9263852119445801,
        0.9258575081825257,
        0.9258575081825257,
        0.9261213660240173,
        0.9271767735481262,
        0.9274406194686889,
        0.9274406194686889,
        0.9271767735481262
    ],
    "attention Accuracy": [
        0.3873350977897644,
        0.8042216300964355,
        0.9108179450035095,
        0.9522427439689636,
        0.9284960389137268,
        0.9084432721138,
        0.9242744088172913,
        0.9211081862449646,
        0.919788920879364,
        0.9155672907829284,
        0.9335092306137085,
        0.9456464409828186,
        0.9387862801551818,
        0.9440633177757263,
        0.9387862682342529,
        0.9192611932754516,
        0.9340369462966919,
        0.9385224223136902,
        0.9356200337409973,
        0.9316622734069824,
        0.9308707118034363,
        0.9303430080413818,
        0.9366754531860352,
        0.9379947304725647,
        0.9369392991065979,
        0.9390501379966736,
        0.9374670147895813,
        0.9369393110275268,
        0.9364116191864014,
        0.9398416876792908,
        0.939577841758728,
        0.9398416876792908,
        0.9369393229484558,
        0.9364116072654725,
        0.9364116191864014,
        0.9374670147895813,
        0.9372031569480896,
        0.9356200456619262,
        0.9374670267105103,
        0.939577841758728,
        0.9385224342346191,
        0.9366754651069641,
        0.9372031688690186,
        0.9374670267105103,
        0.937730872631073,
        0.9366754651069641,
        0.9366754770278931,
        0.937730872631073,
        0.9353561878204346,
        0.9345646381378174,
        0.9361477494239807
    ],
    "baseline Accuracy": [
        0.5058047533035278,
        0.5836411476135254,
        0.6496042251586914,
        0.6955145120620727,
        0.7335092186927795,
        0.7596306085586548,
        0.7823219060897827,
        0.7947229385375977,
        0.8055409073829651,
        0.8137203097343445,
        0.8224274396896363,
        0.8284960389137268,
        0.8319261074066162,
        0.8416886448860168,
        0.8480211138725281,
        0.8530343055725098,
        0.8567282199859619,
        0.8562005400657654,
        0.8609498620033265,
        0.8651715159416199,
        0.8672823190689087,
        0.8643799543380737,
        0.8627968192100525,
        0.8617414236068726,
        0.8596306085586548,
        0.8612137198448181,
        0.8627968311309815,
        0.8620052814483643,
        0.8646437883377075,
        0.8662268996238709,
        0.8683377265930176,
        0.8686015844345093,
        0.8693931460380554,
        0.8715039610862731,
        0.8730870604515075,
        0.8762532949447632,
        0.8778364062309265,
        0.8794195175170898,
        0.8799472212791443,
        0.8804749131202698,
        0.8799472093582154,
        0.8796833753585815,
        0.878364109992981,
        0.8783641219139099,
        0.8762532949447632,
        0.8746701836585998,
        0.8738786339759826,
        0.8733509302139282,
        0.8744063258171082,
        0.8754617214202881,
        0.8767810106277466
    ]
}