{
    "Transfer + Attention Accuracy": [
        0.6269841194152832,
        0.7169312238693237,
        0.8478835821151733,
        0.8875661492347717,
        0.9034391641616821,
        0.9074074029922485,
        0.8743386268615723,
        0.8769841194152832,
        0.9021164178848267,
        0.9166666865348816,
        0.9232804179191589,
        0.920634925365448,
        0.9113756418228149,
        0.9060846567153931,
        0.9074074029922485,
        0.9140211343765259,
        0.908730149269104,
        0.9034391641616821,
        0.9034391641616821,
        0.908730149269104,
        0.9113756418228149,
        0.9166666865348816,
        0.9179894328117371,
        0.9166666865348816,
        0.9166666865348816,
        0.9166666865348816,
        0.920634925365448,
        0.920634925365448,
        0.920634925365448,
        0.9153439402580261,
        0.9113756418228149,
        0.9193121790885925,
        0.9232804179191589,
        0.9246031641960144,
        0.9246031641960144,
        0.9246031641960144,
        0.9232804179191589,
        0.9232804179191589,
        0.9246031641960144,
        0.9246031641960144,
        0.9246031641960144,
        0.9259259104728699,
        0.9259259104728699,
        0.9259259104728699,
        0.9259259104728699,
        0.9259259104728699,
        0.9285714030265808,
        0.9285714030265808,
        0.9285714030265808,
        0.9285714030265808,
        0.9272486567497253
    ],
    "Baseline Accuracy": [
        0.5304232835769653,
        0.3478836119174957,
        0.31878307461738586,
        0.4021163880825043,
        0.4325396716594696,
        0.45767197012901306,
        0.49338623881340027,
        0.5211640000343323,
        0.5304232835769653,
        0.5462962985038757,
        0.5661375522613525,
        0.5767195820808411,
        0.5886243581771851,
        0.5899471044540405,
        0.6018518805503845,
        0.6111111044883728,
        0.6177248954772949,
        0.6190476417541504,
        0.6203703880310059,
        0.6269841194152832,
        0.6256613731384277,
        0.6230158805847168,
        0.6203703880310059,
        0.6203703880310059,
        0.6084656119346619,
        0.6084656119346619,
        0.6084656119346619,
        0.6084656119346619,
        0.6071428656578064,
        0.6071428656578064,
        0.8187830448150635,
        0.8214285969734192,
        0.8214285969734192,
        0.8320105671882629,
        0.8359788656234741,
        0.841269850730896,
        0.841269850730896,
        0.841269850730896,
        0.841269850730896,
        0.8399471044540405,
        0.8386243581771851,
        0.8373016119003296,
        0.8320105671882629,
        0.8306878209114075,
        0.8306878209114075,
        0.8333333134651184,
        0.8439153432846069,
        0.8465608358383179,
        0.8505290746688843,
        0.8584656119346619,
        0.8611111044883728
    ]
}