{
    "summation Accuracy": [
        0.4630607008934021,
        0.6759894490242004,
        0.8269129276275635,
        0.8862796783447265,
        0.9105540871620178,
        0.9356200575828553,
        0.9340369462966919,
        0.9142480254173279,
        0.9079155564308167,
        0.9100263833999633,
        0.916094982624054,
        0.9232190132141114,
        0.9361477494239807,
        0.939577829837799,
        0.9419525027275085,
        0.942480206489563,
        0.9445910334587098,
        0.9445910215377807,
        0.9448548674583435,
        0.9448548793792725,
        0.9435356378555297,
        0.944327175617218,
        0.9440633296966553,
        0.9435356259346008,
        0.9419525146484375,
        0.9427440643310547,
        0.945382583141327,
        0.9464379906654358,
        0.9469657063484191,
        0.9488126635551453,
        0.9485488057136535,
        0.9485488176345825,
        0.9496042251586914,
        0.9472295641899109,
        0.9477572679519654,
        0.947229540348053,
        0.947229540348053,
        0.9440633296966553,
        0.9440633177757263,
        0.9451187252998352,
        0.9467018365859985,
        0.9464379906654358,
        0.9461741328239441,
        0.9459102869033813,
        0.9464379906654358,
        0.9443271875381469,
        0.9440633296966553,
        0.9443271875381469,
        0.9445910334587098,
        0.9437994718551636,
        0.9440633296966553
    ],
    "mlp Accuracy": [
        0.34485488533973696,
        0.8350923538208008,
        0.9137203216552734,
        0.9026385426521302,
        0.9147757291793823,
        0.9298153162002564,
        0.8984168887138366,
        0.9047493457794189,
        0.9224274277687072,
        0.9261213779449463,
        0.9306068420410156,
        0.9385224223136902,
        0.9440633177757263,
        0.9448548793792725,
        0.9403693914413452,
        0.9345646381378174,
        0.9390501379966736,
        0.9451187372207641,
        0.9474934101104736,
        0.9482849597930908,
        0.9467018485069275,
        0.942480206489563,
        0.942480206489563,
        0.9469657063484191,
        0.947229552268982,
        0.947229540348053,
        0.9474934101104736,
        0.9453825712203979,
        0.9430079102516175,
        0.9432717561721802,
        0.9461741328239441,
        0.9467018365859985,
        0.9467018365859985,
        0.9430079102516175,
        0.9408971071243286,
        0.9408971071243286,
        0.9427440762519836,
        0.9443271875381469,
        0.9416886448860169,
        0.9419525146484375,
        0.9422163724899292,
        0.9427440643310547,
        0.9414247989654541,
        0.9401055335998535,
        0.9419525027275085,
        0.9422163605690003,
        0.9424802184104919,
        0.9411609649658204,
        0.9419525146484375,
        0.9424802184104919,
        0.9419525146484375
    ],
    "attention Accuracy": [
        0.2934036999940872,
        0.7258575201034546,
        0.8369392991065979,
        0.8868073940277099,
        0.9145118832588196,
        0.92163587808609,
        0.9139841675758362,
        0.9145118832588196,
        0.929287588596344,
        0.9401055335998535,
        0.9361477613449096,
        0.9327176690101624,
        0.9313984155654907,
        0.9343007802963257,
        0.9343007922172546,
        0.9369393110275268,
        0.935883903503418,
        0.9321899652481079,
        0.9335092306137085,
        0.9361477494239807,
        0.9374670267105103,
        0.9406332492828369,
        0.9393139958381653,
        0.9387862920761109,
        0.9372031688690186,
        0.9379947304725647,
        0.9416886568069458,
        0.9432717680931091,
        0.9445910334587098,
        0.9401055455207825,
        0.9337730884552002,
        0.9348284840583801,
        0.9372031807899475,
        0.9406332492828369,
        0.9398416876792908,
        0.9385224103927612,
        0.9364116072654725,
        0.9372031807899475,
        0.9385224342346191,
        0.9379947304725647,
        0.9364116191864014,
        0.9377308845520019,
        0.9385224342346191,
        0.939577841758728,
        0.9401055455207825,
        0.9398416996002197,
        0.9387862801551818,
        0.9374670147895813,
        0.939577841758728,
        0.9398416996002197,
        0.9393139958381653
    ],
    "baseline Accuracy": [
        0.48575196266174314,
        0.5250659763813019,
        0.5638522505760193,
        0.6039577841758728,
        0.6401055455207825,
        0.6738786339759827,
        0.7108179330825806,
        0.741424810886383,
        0.7627968311309814,
        0.7791556715965271,
        0.7928759932518006,
        0.8015831112861633,
        0.8110818028450012,
        0.8184696555137634,
        0.8271767735481262,
        0.8374670267105102,
        0.8437994718551636,
        0.8485488176345826,
        0.8548812627792358,
        0.857519781589508,
        0.8598944544792175,
        0.8630606770515442,
        0.8654353499412537,
        0.8675461649894715,
        0.867018461227417,
        0.8667546153068543,
        0.8672823190689087,
        0.8680738687515259,
        0.869920837879181,
        0.8691292762756347,
        0.8696569919586181,
        0.870712399482727,
        0.872559380531311,
        0.8733509302139282,
        0.873614776134491,
        0.8749340295791626,
        0.875461733341217,
        0.8757255911827088,
        0.8783641219139099,
        0.8788918137550354,
        0.8799472451210022,
        0.8810026407241821,
        0.8828495979309082,
        0.8846965670585633,
        0.8862796783447265,
        0.8862796783447265,
        0.8860158205032349,
        0.8846965670585633,
        0.8849604249000549,
        0.8860158205032349,
        0.8865435242652893
    ]
}