{
    "summation Accuracy": [
        0.5559947490692139,
        0.7127799987792969,
        0.8656126260757446,
        0.9130434989929199,
        0.9433465003967285,
        0.8761528134346008,
        0.8260869383811951,
        0.782608687877655,
        0.8208168745040894,
        0.8932806253433228,
        0.9077733755111694,
        0.8972331881523132,
        0.8840579986572266,
        0.8801053762435913,
        0.8814229369163513,
        0.9143610000610352,
        0.9183135628700256,
        0.9077733755111694,
        0.886693000793457,
        0.8616600632667542,
        0.8801053762435913,
        0.8932806253433228,
        0.9077733755111694,
        0.9090909361839294,
        0.8985507488250732,
        0.8893280625343323,
        0.8932806253433228,
        0.9104084372520447,
        0.9169960618019104,
        0.9117259383201599,
        0.8998682498931885,
        0.8998682498931885,
        0.8998682498931885,
        0.9077733755111694,
        0.9143610000610352,
        0.9156785011291504,
        0.9051383137702942,
        0.9025033116340637,
        0.9064558744430542,
        0.9064558744430542,
        0.9143610000610352,
        0.9156785011291504,
        0.9077733755111694,
        0.903820812702179,
        0.9051383137702942,
        0.9130434989929199,
        0.9183135628700256,
        0.9156785011291504,
        0.9156785011291504,
        0.9156785011291504,
        0.9169960618019104
    ],
    "mlp Accuracy": [
        0.21080368757247925,
        0.5322793126106262,
        0.7009222507476807,
        0.8405796885490417,
        0.8722002506256104,
        0.7891963124275208,
        0.7285902500152588,
        0.7931488752365112,
        0.9051383137702942,
        0.9301712512969971,
        0.9249011874198914,
        0.851119875907898,
        0.8155467510223389,
        0.8379446864128113,
        0.8985507488250732,
        0.9183135628700256,
        0.9235836863517761,
        0.9011857509613037,
        0.8366271257400513,
        0.8247694373130798,
        0.8656126260757446,
        0.9011857509613037,
        0.9064558744430542,
        0.9090909361839294,
        0.9025033116340637,
        0.8722002506256104,
        0.8590250611305237,
        0.8906455636024475,
        0.9156785011291504,
        0.9209486246109009,
        0.9235836863517761,
        0.9130434989929199,
        0.895915687084198,
        0.8853754997253418,
        0.8919631242752075,
        0.9064558744430542,
        0.9143610000610352,
        0.9183135628700256,
        0.9130434989929199,
        0.9051383137702942,
        0.8998682498931885,
        0.9025033116340637,
        0.903820812702179,
        0.9156785011291504,
        0.9156785011291504,
        0.9104084372520447,
        0.9064558744430542,
        0.9064558744430542,
        0.9117259383201599,
        0.9183135628700256,
        0.9169960618019104
    ],
    "attention Accuracy": [
        0.14888010919094086,
        0.5849802494049072,
        0.13175231218338013,
        0.95652174949646,
        0.7140974998474121,
        0.9077733755111694,
        0.9222661256790161,
        0.9262186884880066,
        0.9183135628700256,
        0.9143610000610352,
        0.9169960618019104,
        0.9156785011291504,
        0.9196310639381409,
        0.9209486246109009,
        0.9196310639381409,
        0.9209486246109009,
        0.9209486246109009,
        0.9104084372520447,
        0.9183135628700256,
        0.9183135628700256,
        0.9183135628700256,
        0.9183135628700256,
        0.9183135628700256,
        0.9183135628700256,
        0.9222661256790161,
        0.9222661256790161,
        0.9222661256790161,
        0.9222661256790161,
        0.9209486246109009,
        0.9196310639381409,
        0.9156785011291504,
        0.9130434989929199,
        0.9130434989929199,
        0.9130434989929199,
        0.9130434989929199,
        0.9130434989929199,
        0.9130434989929199,
        0.9117259383201599,
        0.9104084372520447,
        0.9090909361839294,
        0.9090909361839294,
        0.9090909361839294,
        0.9090909361839294,
        0.9090909361839294,
        0.9090909361839294,
        0.9090909361839294,
        0.9104084372520447,
        0.9104084372520447,
        0.9104084372520447,
        0.9104084372520447,
        0.9104084372520447
    ],
    "baseline Accuracy": [
        0.6574440002441406,
        0.7707509994506836,
        0.7575757503509521,
        0.7602108120918274,
        0.6442687511444092,
        0.6442687511444092,
        0.7154150009155273,
        0.8168643116950989,
        0.8379446864128113,
        0.851119875907898,
        0.8629776239395142,
        0.8471673130989075,
        0.7747035622596741,
        0.747035562992096,
        0.7588932514190674,
        0.7891963124275208,
        0.8221343755722046,
        0.835309624671936,
        0.835309624671936,
        0.835309624671936,
        0.8339921236038208,
        0.8221343755722046,
        0.8221343755722046,
        0.8287220001220703,
        0.851119875907898,
        0.8603425621986389,
        0.8603425621986389,
        0.852437436580658,
        0.8484848737716675,
        0.8366271257400513,
        0.835309624671936,
        0.8287220001220703,
        0.8326745629310608,
        0.8418972492218018,
        0.8484848737716675,
        0.851119875907898,
        0.851119875907898,
        0.8498023748397827,
        0.8484848737716675,
        0.8458498120307922,
        0.843214750289917,
        0.8445322513580322,
        0.8458498120307922,
        0.8484848737716675,
        0.851119875907898,
        0.852437436580658,
        0.851119875907898,
        0.852437436580658,
        0.8498023748397827,
        0.8484848737716675,
        0.843214750289917
    ]
}