{
    "attention Loss": [
        0.5786964893341064
    ],
    "baseline Loss": [
        0.7481471300125122
    ]
}