{
    "summation Accuracy": [
        0.5092348456382751,
        0.7018469572067261,
        0.8298153281211853,
        0.8588390350341797,
        0.8931398391723633,
        0.9063324332237244,
        0.916886568069458,
        0.9182057976722717,
        0.9142480492591858,
        0.9102902412414551,
        0.9089709520339966,
        0.9063324332237244,
        0.9102902412414551,
        0.9116094708442688,
        0.9142480492591858,
        0.9195250868797302,
        0.9234828352928162,
        0.9248021245002747,
        0.9261213541030884,
        0.934036910533905,
        0.9287598729133606,
        0.9234828352928162,
        0.920844316482544,
        0.9195250868797302,
        0.920844316482544,
        0.920844316482544,
        0.9234828352928162,
        0.9261213541030884,
        0.9274406433105469,
        0.9274406433105469,
        0.9274406433105469,
        0.9261213541030884,
        0.9274406433105469,
        0.9287598729133606,
        0.9300791621208191,
        0.9287598729133606,
        0.9287598729133606,
        0.9300791621208191,
        0.9313983917236328,
        0.9287598729133606,
        0.9287598729133606,
        0.9274406433105469,
        0.9274406433105469,
        0.9234828352928162,
        0.9234828352928162,
        0.9248021245002747,
        0.9248021245002747,
        0.9248021245002747,
        0.9248021245002747,
        0.9274406433105469,
        0.9274406433105469
    ],
    "mlp Accuracy": [
        0.3153034448623657,
        0.5712401270866394,
        0.6464380025863647,
        0.7124010324478149,
        0.7598944306373596,
        0.7889181971549988,
        0.8007915616035461,
        0.8364115953445435,
        0.8350923657417297,
        0.8271768093109131,
        0.8350923657417297,
        0.8812664747238159,
        0.8984168767929077,
        0.9010553956031799,
        0.8997361660003662,
        0.8891820311546326,
        0.8865435123443604,
        0.8812664747238159,
        0.8746702075004578,
        0.8693931102752686,
        0.8693931102752686,
        0.8839049935340881,
        0.8865435123443604,
        0.9050132036209106,
        0.9129287600517273,
        0.9142480492591858,
        0.9089709520339966,
        0.9036939144134521,
        0.8918206095695496,
        0.8839049935340881,
        0.8786279559135437,
        0.8799472451210022,
        0.8812664747238159,
        0.8839049935340881,
        0.8891820311546326,
        0.8931398391723633,
        0.8957783579826355,
        0.9010553956031799,
        0.9010553956031799,
        0.8997361660003662,
        0.8984168767929077,
        0.8984168767929077,
        0.8931398391723633,
        0.897097647190094,
        0.897097647190094,
        0.8984168767929077,
        0.8997361660003662,
        0.8997361660003662,
        0.897097647190094,
        0.8944591283798218,
        0.8997361660003662
    ],
    "attention Accuracy": [
        0.14511872828006744,
        0.7598944306373596,
        0.8271768093109131,
        0.8786279559135437,
        0.8153034448623657,
        0.8799472451210022,
        0.8759894371032715,
        0.8786279559135437,
        0.8759894371032715,
        0.8786279559135437,
        0.9287598729133606,
        0.9511873126029968,
        0.9261213541030884,
        0.9023746848106384,
        0.9063324332237244,
        0.936675488948822,
        0.9379947185516357,
        0.9274406433105469,
        0.920844316482544,
        0.9248021245002747,
        0.9248021245002747,
        0.9234828352928162,
        0.9234828352928162,
        0.9274406433105469,
        0.9234828352928162,
        0.9261213541030884,
        0.934036910533905,
        0.9300791621208191,
        0.9234828352928162,
        0.916886568069458,
        0.9221636056900024,
        0.9274406433105469,
        0.9234828352928162,
        0.9221636056900024,
        0.9221636056900024,
        0.9182057976722717,
        0.9182057976722717,
        0.9234828352928162,
        0.9274406433105469,
        0.9234828352928162,
        0.920844316482544,
        0.9234828352928162,
        0.9287598729133606,
        0.9248021245002747,
        0.9261213541030884,
        0.9234828352928162,
        0.9261213541030884,
        0.9261213541030884,
        0.9248021245002747,
        0.9261213541030884,
        0.9261213541030884
    ],
    "baseline Accuracy": [
        0.6530343294143677,
        0.7163588404655457,
        0.7638522386550903,
        0.7572559118270874,
        0.7664907574653625,
        0.771767795085907,
        0.7875989675521851,
        0.7955145239830017,
        0.7875989675521851,
        0.8021107912063599,
        0.8232190012931824,
        0.8298153281211853,
        0.8258575201034546,
        0.8271768093109131,
        0.8324538469314575,
        0.8350923657417297,
        0.837730884552002,
        0.8390501141548157,
        0.8430079221725464,
        0.8456464409828186,
        0.8496042490005493,
        0.850923478603363,
        0.8430079221725464,
        0.8416886329650879,
        0.837730884552002,
        0.8324538469314575,
        0.8403694033622742,
        0.8469656705856323,
        0.850923478603363,
        0.8496042490005493,
        0.8482849597930908,
        0.8496042490005493,
        0.8535619974136353,
        0.8548812866210938,
        0.8535619974136353,
        0.8522427678108215,
        0.8456464409828186,
        0.8430079221725464,
        0.8430079221725464,
        0.8456464409828186,
        0.8482849597930908,
        0.8496042490005493,
        0.8496042490005493,
        0.850923478603363,
        0.8522427678108215,
        0.8522427678108215,
        0.8535619974136353,
        0.8535619974136353,
        0.8496042490005493,
        0.8496042490005493,
        0.850923478603363
    ]
}