{
    "sum Loss": [
        0.16332989931106567,
        0.08689449727535248,
        0.07365060597658157,
        0.05596691742539406,
        0.03841777890920639,
        0.031158234924077988,
        0.033749163150787354,
        0.025223268195986748,
        0.02193623222410679,
        0.023061849176883698,
        0.023180058225989342,
        0.02170197106897831,
        0.019868455827236176,
        0.018865732476115227,
        0.017199071124196053,
        0.014894988387823105,
        0.014254346489906311,
        0.01511311624199152,
        0.015016821213066578,
        0.013407653197646141,
        0.01220033410936594,
        0.01228296011686325,
        0.012683928944170475,
        0.012516848742961884,
        0.01215967908501625,
        0.011788404546678066,
        0.01133397314697504,
        0.010967119596898556,
        0.010958869010210037,
        0.01118920836597681,
        0.01114350650459528,
        0.010772069916129112,
        0.010579928755760193,
        0.010681859217584133,
        0.010774918831884861,
        0.010681532323360443,
        0.010506187565624714,
        0.010386264882981777,
        0.010289788246154785,
        0.010227196849882603,
        0.01021470408886671,
        0.010154766030609608,
        0.010015447624027729,
        0.009909681044518948,
        0.009901157580316067,
        0.009864047169685364,
        0.009775223210453987,
        0.00971507839858532,
        0.009656853042542934,
        0.009591208770871162,
        0.009533840231597424
    ],
    "mlp Loss": [
        0.3444312512874603,
        0.18239924311637878,
        0.1075531616806984,
        0.08247002959251404,
        0.07376780360937119,
        0.06691784411668777,
        0.060073256492614746,
        0.05477873235940933,
        0.05112937465310097,
        0.04721621796488762,
        0.04280587658286095,
        0.039409905672073364,
        0.03779809921979904,
        0.037063032388687134,
        0.03526785969734192,
        0.03310494124889374,
        0.031532395631074905,
        0.03051183931529522,
        0.029711902141571045,
        0.029033005237579346,
        0.02848661132156849,
        0.028041115030646324,
        0.027616417035460472,
        0.02711593359708786,
        0.026551244780421257,
        0.026094969362020493,
        0.025861531496047974,
        0.025728043168783188,
        0.025483839213848114,
        0.0250964667648077,
        0.024704447016119957,
        0.024425270035862923,
        0.024263229221105576,
        0.024149030447006226,
        0.024013500660657883,
        0.023827670142054558,
        0.023606210947036743,
        0.02339066192507744,
        0.023225413635373116,
        0.023137273266911507,
        0.023121334612369537,
        0.023140015080571175,
        0.023150363937020302,
        0.02313929609954357,
        0.023124752566218376,
        0.023129045963287354,
        0.023158984258770943,
        0.023205917328596115,
        0.023253316059708595,
        0.023286009207367897,
        0.023298410698771477
    ],
    "attention Loss": [
        0.3818705081939697,
        0.07902749627828598,
        0.05869254842400551,
        0.04228177294135094,
        0.03092564456164837,
        0.03401236608624458,
        0.03093472309410572,
        0.030037011951208115,
        0.027949655428528786,
        0.025200407952070236,
        0.023641150444746017,
        0.02315394952893257,
        0.02203022502362728,
        0.02050607092678547,
        0.019575852900743484,
        0.01922529563307762,
        0.018827246502041817,
        0.01843082904815674,
        0.018335329368710518,
        0.01759169064462185,
        0.017047252506017685,
        0.01703234389424324,
        0.01705920137465,
        0.016665903851389885,
        0.016286058351397514,
        0.01617537811398506,
        0.015901103615760803,
        0.01589054986834526,
        0.01581648364663124,
        0.015533954836428165,
        0.015505987219512463,
        0.015346787869930267,
        0.01515769399702549,
        0.015117490664124489,
        0.015050981193780899,
        0.014942686073482037,
        0.01471495907753706,
        0.014627299271523952,
        0.014631291851401329,
        0.014563233591616154,
        0.014497678726911545,
        0.014398014172911644,
        0.014349699951708317,
        0.014294108375906944,
        0.014243322424590588,
        0.014245256781578064,
        0.014173834584653378,
        0.014151051640510559,
        0.014060918241739273,
        0.014022812247276306,
        0.01400887593626976
    ],
    "baseline Loss": [
        0.8006846308708191,
        0.5439081788063049,
        0.3823314607143402,
        0.26481160521507263,
        0.18546777963638306,
        0.13811065256595612,
        0.11202524602413177,
        0.09693198651075363,
        0.08593076467514038,
        0.07650697231292725,
        0.06845002621412277,
        0.06199004873633385,
        0.05671567842364311,
        0.05142945051193237,
        0.04662632569670677,
        0.044522542506456375,
        0.044426511973142624,
        0.04237745329737663,
        0.038946058601140976,
        0.036167919635772705,
        0.03446353226900101,
        0.03335162624716759,
        0.03242330625653267,
        0.03151382878422737,
        0.030600570142269135,
        0.029663385823369026,
        0.028682641685009003,
        0.027745427563786507,
        0.026973774656653404,
        0.02640196681022644,
        0.02595544047653675,
        0.025560403242707253,
        0.025163669139146805,
        0.024716954678297043,
        0.024236800149083138,
        0.02379700355231762,
        0.023453649133443832,
        0.023195380344986916,
        0.022973796352744102,
        0.022735189646482468,
        0.02243819646537304,
        0.022076044231653214,
        0.02167648822069168,
        0.021285438910126686,
        0.02093752659857273,
        0.020633842796087265,
        0.02035600133240223,
        0.020074693486094475,
        0.01977609656751156,
        0.019470827654004097,
        0.01918146200478077
    ]
}