{
    "summation Accuracy": {
        "epoch": 25,
        "acc": 92.50659704208374
    },
    "mlp Accuracy": {
        "epoch": 37,
        "acc": 90.89709639549255
    },
    "attention Accuracy": {
        "epoch": 34,
        "acc": 93.2981526851654
    },
    "baseline Accuracy": {
        "epoch": 45,
        "acc": 85.59366703033447
    }
}