{
    "summation Loss": [
        0.13583072125911713,
        0.05988178625702858,
        0.044413470476865766,
        0.03823649547994137,
        0.03306255452334881,
        0.03217926546931267,
        0.03082691915333271,
        0.027806753665208815,
        0.026211532205343245,
        0.024690445512533188,
        0.022517261654138566,
        0.021357891708612443,
        0.02084936313331127,
        0.01980290748178959,
        0.018721190467476844,
        0.017800237238407134,
        0.017397885024547578,
        0.01723325364291668,
        0.016758368723094462,
        0.016100820526480673,
        0.015667616762220858,
        0.015216533094644547,
        0.014876876212656497,
        0.014669296331703663,
        0.014321677759289742,
        0.014087712578475475,
        0.013889600336551667,
        0.013529213704168796,
        0.013314173184335231,
        0.013285122253000737,
        0.013055774196982384,
        0.012825663015246392,
        0.012736707180738448,
        0.012619075737893582,
        0.012452231533825398,
        0.012259613908827304,
        0.012131302431225777,
        0.011986662819981574,
        0.011832348071038723,
        0.011748945713043213,
        0.011640193499624729,
        0.0114792225882411,
        0.011361517012119293,
        0.011250228248536586,
        0.011113206297159195,
        0.01101389154791832,
        0.010914399102330209,
        0.010789681598544121,
        0.01068025380373001,
        0.010582523047924041,
        0.01047205962240696
    ],
    "mlp Loss": [
        0.3775096297264099,
        0.10529167205095291,
        0.08313328176736831,
        0.04973941370844841,
        0.058516938239336014,
        0.041895531862974164,
        0.031766831502318384,
        0.03183292299509048,
        0.03208544999361038,
        0.02922813408076763,
        0.02759808525443077,
        0.025538980215787887,
        0.023205822706222533,
        0.022091439738869668,
        0.021238609030842782,
        0.019957447052001955,
        0.018808137252926828,
        0.01815100759267807,
        0.017457877099514008,
        0.01658509485423565,
        0.016083763167262077,
        0.015574287250638008,
        0.014710712991654874,
        0.0141447514295578,
        0.013921182788908481,
        0.013605856522917747,
        0.013156869634985923,
        0.012759295105934144,
        0.012410664185881614,
        0.012069762498140336,
        0.011829835548996925,
        0.011648346111178398,
        0.011436843872070312,
        0.011191940121352672,
        0.010947037674486636,
        0.01077846847474575,
        0.010622190497815608,
        0.010432995669543744,
        0.0102524783462286,
        0.010095697641372681,
        0.009918529167771339,
        0.009756634570658207,
        0.009639144502580166,
        0.009517801366746426,
        0.009394121915102005,
        0.009250327199697494,
        0.00911205429583788,
        0.009004716016352176,
        0.00889105089008808,
        0.008781737089157105,
        0.008675658889114857
    ],
    "attention Loss": [
        0.4767171621322632,
        0.0791972629725933,
        0.0537435308098793,
        0.04754603877663612,
        0.043063245713710785,
        0.04626934677362442,
        0.040139366686344144,
        0.035224892944097516,
        0.03422372192144394,
        0.033682867884635925,
        0.031539246812462805,
        0.029116524383425713,
        0.027696493268013,
        0.027126730978488924,
        0.026870236918330192,
        0.026581456884741783,
        0.0264194056391716,
        0.026319554448127745,
        0.026009820774197577,
        0.02540668733417988,
        0.024973367527127265,
        0.02468820959329605,
        0.024391059204936026,
        0.024075255170464514,
        0.023784010112285613,
        0.023529553040862083,
        0.023217101767659187,
        0.022877582907676698,
        0.022670625522732735,
        0.02250652089715004,
        0.02230401448905468,
        0.0222007405012846,
        0.022091814130544663,
        0.021944299712777136,
        0.021824494749307633,
        0.021685801818966864,
        0.021537728235125543,
        0.021459665894508363,
        0.021318082138895987,
        0.02118818461894989,
        0.021140438690781593,
        0.02102187052369118,
        0.02092345617711544,
        0.0208538718521595,
        0.020723216980695725,
        0.020614351704716684,
        0.020515254139900206,
        0.020418418943881987,
        0.020327362790703775,
        0.020216240733861923,
        0.02012356333434582
    ],
    "baseline Loss": [
        0.784649932384491,
        0.5472784638404846,
        0.39101898670196533,
        0.27814175486564635,
        0.20145100355148315,
        0.1524746298789978,
        0.12179768085479736,
        0.10202044546604157,
        0.0883808359503746,
        0.07801696360111236,
        0.06969388127326966,
        0.06312665641307831,
        0.05810055285692215,
        0.05396531224250793,
        0.049914544075727464,
        0.045701821148395536,
        0.04169860035181046,
        0.038387137651443484,
        0.03607856407761574,
        0.034635983407497406,
        0.033428487926721574,
        0.03198235109448433,
        0.03032095730304718,
        0.028690185770392417,
        0.027280734851956367,
        0.026180360466241837,
        0.025348176434636115,
        0.024684261158108713,
        0.02411705143749714,
        0.02360432706773281,
        0.023127835243940353,
        0.02269352786242962,
        0.02229791097342968,
        0.02193576991558075,
        0.021614352986216546,
        0.021342716366052627,
        0.021118073910474777,
        0.020929039642214774,
        0.02076050192117691,
        0.0206014484167099,
        0.020448162779212,
        0.02030373066663742,
        0.020166948065161706,
        0.020033854618668558,
        0.019897374138236047,
        0.019753656536340713,
        0.019602219760417938,
        0.01944747567176819,
        0.0192936759442091,
        0.0191417321562767,
        0.018992548808455467
    ]
}