{
    "summation Accuracy": {
        "epoch": 33,
        "acc": 92.51646995544434
    },
    "mlp Accuracy": {
        "epoch": 47,
        "acc": 91.06719255447388
    },
    "attention Accuracy": {
        "epoch": 47,
        "acc": 92.35836625099182
    },
    "baseline Accuracy": {
        "epoch": 47,
        "acc": 83.37285876274109
    }
}