{
    "summation Loss": [
        0.16258360594511032,
        0.0734805479645729,
        0.059403182566165925,
        0.04374624788761139,
        0.03934158831834793,
        0.032520880550146104,
        0.031124460324645043,
        0.027579964324831962,
        0.025790279731154442,
        0.024537497013807297,
        0.023535991460084914,
        0.02240651212632656,
        0.02050182856619358,
        0.018566181138157844,
        0.01730039659887552,
        0.016791554540395735,
        0.01608244515955448,
        0.015007090196013451,
        0.014185113273561001,
        0.013759759813547134,
        0.013462649285793304,
        0.013102465309202671,
        0.012658509239554406,
        0.012185279652476311,
        0.011881661973893643,
        0.011654559522867203,
        0.011257152259349822,
        0.010969802178442479,
        0.010805793851613999,
        0.01061497014015913
    ],
    "mlp Loss": [
        0.22028097808361052,
        0.18397521376609802,
        0.13712378442287446,
        0.07149815782904625,
        0.055862047523260114,
        0.0631879061460495,
        0.04307403564453125,
        0.03934239447116852,
        0.03780348338186741,
        0.03607614487409592,
        0.03438171222805977,
        0.030883464217185973,
        0.02655649818480015,
        0.024275759980082513,
        0.022038811817765236,
        0.020118502900004387,
        0.018963439390063286,
        0.018006642535328864,
        0.016929462738335132,
        0.016143679991364478,
        0.01570373270660639,
        0.015282557718455792,
        0.01456810738891363,
        0.013954820297658443,
        0.013537769950926305,
        0.013103825971484184,
        0.012649543210864067,
        0.012315348908305167,
        0.012026466988027095,
        0.011706574074923991
    ],
    "attention Loss": [
        0.40615840554237365,
        0.07940428406000137,
        0.06669095158576965,
        0.06140189468860626,
        0.04783315733075142,
        0.0471834234893322,
        0.03984013125300408,
        0.03497718274593353,
        0.03296261355280876,
        0.031166232004761697,
        0.030917508527636528,
        0.02893383800983429,
        0.027370432019233705,
        0.02618139870464802,
        0.02457268312573433,
        0.023555466160178184,
        0.02274433970451355,
        0.02211484797298908,
        0.021849392727017403,
        0.02163347937166691,
        0.021114471927285196,
        0.020621709525585175,
        0.020578597858548164,
        0.0203818429261446,
        0.02006612569093704,
        0.01981855630874634,
        0.019481890276074408,
        0.01937507577240467,
        0.01944778822362423,
        0.019248413667082787
    ],
    "baseline Loss": [
        0.8399295210838318,
        0.5540572166442871,
        0.3828193128108978,
        0.26625018417835233,
        0.18869705200195314,
        0.13945337235927582,
        0.10901991426944732,
        0.0898966446518898,
        0.07688232660293579,
        0.0672426924109459,
        0.060119515657424925,
        0.05505258291959762,
        0.05114139690995216,
        0.047538617998361586,
        0.0438165694475174,
        0.0400384396314621,
        0.036692716926336286,
        0.03410974144935608,
        0.03223995454609394,
        0.0308068934828043,
        0.029477741569280624,
        0.028034919872879982,
        0.026477733626961708,
        0.024984285235404968,
        0.023721059411764146,
        0.022763381898403167,
        0.022080395743250845,
        0.021569536253809928,
        0.02111840657889843,
        0.020667264983057976
    ]
}