{
    "summation Accuracy": [
        0.7400264263153076,
        0.8245706796646118,
        0.8536327600479126,
        0.9088507294654846,
        0.9426684260368348,
        0.9321004033088685,
        0.9170409440994263,
        0.9130779504776001,
        0.9136063456535339,
        0.923381769657135,
        0.927873182296753,
        0.9239101767539978,
        0.9180977463722229,
        0.9202113509178161,
        0.9247027635574341,
        0.9265521883964538,
        0.9241743803024292,
        0.9249669551849365,
        0.9284015774726868,
        0.9339497804641723,
        0.933157205581665,
        0.9331571936607361,
        0.9302509903907776,
        0.9265521764755249,
        0.92919420003891,
        0.9357992053031922,
        0.9381770133972168,
        0.9360634207725524,
        0.9331571936607361,
        0.9273447871208191,
        0.9299867868423461,
        0.9328930020332337,
        0.9357992053031922,
        0.9344781994819641,
        0.9339498043060303,
        0.9331571936607361,
        0.933157205581665,
        0.9326287984848023,
        0.9339497923851013,
        0.9347424149513245,
        0.935006606578827,
        0.9342140197753906,
        0.9323645949363708,
        0.9328930020332337,
        0.9352707982063293,
        0.9355350017547608,
        0.9352708101272583,
        0.9344781994819641,
        0.9336856007575989,
        0.9342139959335327,
        0.9350065946578979
    ],
    "mlp Accuracy": [
        0.48982826471328733,
        0.8269484758377075,
        0.7664465069770813,
        0.9315719842910767,
        0.9585204720497131,
        0.9498018622398376,
        0.9249669671058655,
        0.8808454394340515,
        0.8686921954154968,
        0.8985468864440918,
        0.9178335666656494,
        0.9307793974876404,
        0.9347424030303955,
        0.9281373739242553,
        0.9196829438209534,
        0.9210039734840393,
        0.9244385600090027,
        0.9265521883964538,
        0.9262879729270935,
        0.9262879848480224,
        0.9241743683815002,
        0.9228533625602722,
        0.923381757736206,
        0.9297225832939148,
        0.9307793974876404,
        0.9313077926635742,
        0.9294583916664123,
        0.9284015893936157,
        0.9268163919448853,
        0.9260237693786622,
        0.9286658048629761,
        0.9273447871208191,
        0.9270805835723877,
        0.924702775478363,
        0.9239101648330689,
        0.9254953742027283,
        0.9270805835723877,
        0.9278731942176819,
        0.9289299607276916,
        0.9284015774726868,
        0.9270805835723877,
        0.9257595658302307,
        0.9252311825752259,
        0.9262879848480224,
        0.9262879729270935,
        0.9260237574577331,
        0.9262879729270935,
        0.9257595777511597,
        0.9257595777511597,
        0.9268163800239563,
        0.9254953861236572
    ],
    "attention Accuracy": [
        0.411360627412796,
        0.7553500533103943,
        0.8417437076568604,
        0.8715984225273132,
        0.8745046257972717,
        0.927873170375824,
        0.9431968331336975,
        0.9268163800239563,
        0.9075297236442565,
        0.9040951251983642,
        0.92073974609375,
        0.9326288104057312,
        0.9233817815780639,
        0.9268163800239563,
        0.9223249793052674,
        0.9188903570175171,
        0.9194187521934509,
        0.9215323686599731,
        0.9254953622817993,
        0.9273447871208191,
        0.9265521883964538,
        0.923381769657135,
        0.9217965602874756,
        0.9223249554634094,
        0.9249669790267945,
        0.9284015774726868,
        0.931836199760437,
        0.9297225832939148,
        0.9286657929420471,
        0.927873182296753,
        0.9302509784698486,
        0.929194176197052,
        0.9299867868423461,
        0.9302509903907776,
        0.9289299845695496,
        0.927873182296753,
        0.9270805716514587,
        0.9284016013145446,
        0.92919420003891,
        0.9286657810211182,
        0.9260237812995911,
        0.9254953742027283,
        0.9265521764755249,
        0.927873170375824,
        0.9281373858451843,
        0.9262879729270935,
        0.9265521764755249,
        0.9270805716514587,
        0.9273447751998901,
        0.9262879729270935,
        0.9257595777511597
    ],
    "baseline Accuracy": [
        0.4826948523521423,
        0.548745048046112,
        0.5949801802635193,
        0.6464993476867675,
        0.686393654346466,
        0.7191545605659485,
        0.7548216581344604,
        0.7778071165084839,
        0.790224575996399,
        0.7910171747207642,
        0.7878467798233032,
        0.7981505990028381,
        0.8073976159095764,
        0.8203434586524964,
        0.8261558771133423,
        0.8282694816589355,
        0.8298547029495239,
        0.831175708770752,
        0.8322324991226197,
        0.8377807140350342,
        0.840951120853424,
        0.8438573360443116,
        0.8425363421440124,
        0.8422721147537231,
        0.8443857312202454,
        0.8457067251205445,
        0.8470277428627014,
        0.8501981616020202,
        0.8533685684204102,
        0.8554821729660034,
        0.856538963317871,
        0.8557463645935058,
        0.8565389752388001,
        0.8578599572181702,
        0.8578599691390991,
        0.8589167714118957,
        0.8589167594909668,
        0.8589167714118957,
        0.8578599691390991,
        0.8597093820571899,
        0.859709370136261,
        0.8602378010749817,
        0.8618229866027832,
        0.8626155972480773,
        0.8626155972480773,
        0.863672399520874,
        0.8631440043449402,
        0.8631439924240112,
        0.8612945795059204,
        0.8605019927024842,
        0.8610303640365601
    ]
}