{
    "summation Loss": [
        0.22119194269180298,
        0.0879460707306862,
        0.05668321177363396,
        0.043741925805807116,
        0.03551564402878284,
        0.0319551270455122,
        0.0296880591660738,
        0.026559391617774965,
        0.023813913017511366,
        0.022433140873908998,
        0.020900025963783264,
        0.019290443882346152,
        0.018004371598362923,
        0.016787591204047204,
        0.015718424692749977,
        0.01489220317453146,
        0.014257531613111496,
        0.013705898821353913,
        0.013146051205694675,
        0.012692252174019814,
        0.012352558225393296,
        0.011956687085330486,
        0.011630979552865028,
        0.011439521424472332,
        0.011319185979664326,
        0.011176840960979461,
        0.010959337092936039,
        0.01072744894772768,
        0.01055824849754572,
        0.010469003953039646,
        0.01041520368307829,
        0.01031698491424322,
        0.010189933888614177,
        0.01011184360831976,
        0.010075283981859685,
        0.01002761758863926,
        0.009944364055991172,
        0.009847123734652996,
        0.009776027873158455,
        0.009735921025276184,
        0.009695924073457717,
        0.009635269828140735,
        0.009558872319757938,
        0.009488461725413799,
        0.009427993558347225,
        0.009372000955045224,
        0.009319483675062657,
        0.009260817244648934,
        0.009191289357841016,
        0.009126735851168633,
        0.00907165203243494
    ],
    "mlp Loss": [
        0.43859163522720335,
        0.264535591006279,
        0.1510413646697998,
        0.09503153562545777,
        0.07137060463428498,
        0.06137149855494499,
        0.05481017380952835,
        0.048987676948308946,
        0.04411684721708298,
        0.040877682715654375,
        0.038980882614851,
        0.03710186555981636,
        0.034891721606254575,
        0.0333183541893959,
        0.03214160278439522,
        0.03043476678431034,
        0.0286264531314373,
        0.02752833142876625,
        0.027150964736938475,
        0.026905330270528792,
        0.026366206258535384,
        0.025581521540880205,
        0.024802133440971375,
        0.02414148226380348,
        0.0236185759305954,
        0.023241571336984634,
        0.023005568236112595,
        0.022863519191741944,
        0.02271263636648655,
        0.022467154264450073,
        0.022154640033841135,
        0.02187873050570488,
        0.02171444483101368,
        0.021668463572859765,
        0.021700077503919602,
        0.0217490091919899,
        0.021762126684188844,
        0.021719996631145478,
        0.02164471335709095,
        0.02158208452165127,
        0.021570777520537376,
        0.021616188064217567,
        0.02168763093650341,
        0.021743178740143775,
        0.021761684492230416,
        0.021753113716840744,
        0.021740898489952087,
        0.021739352121949197,
        0.021746283397078514,
        0.021752654388546944,
        0.021752311289310454
    ],
    "attention Loss": [
        0.4494807362556458,
        0.06615622863173484,
        0.042720789462327956,
        0.03752499148249626,
        0.03155025132000446,
        0.04410768821835518,
        0.03204925619065761,
        0.031225235387682914,
        0.030662866309285164,
        0.029882527887821198,
        0.02691803202033043,
        0.023083591461181642,
        0.023306844756007195,
        0.023672857508063316,
        0.020090121403336526,
        0.019246096909046172,
        0.019507770612835883,
        0.01972377337515354,
        0.01934210956096649,
        0.018936407193541525,
        0.018791957944631576,
        0.01849774457514286,
        0.018199995532631873,
        0.01762433275580406,
        0.017229349911212923,
        0.017125169560313225,
        0.017094647511839867,
        0.016936090588569642,
        0.016650036349892615,
        0.016534985974431038,
        0.016453819721937178,
        0.016245386749505996,
        0.016079350374639034,
        0.01599304173141718,
        0.01588914804160595,
        0.015779521130025388,
        0.015694735944271086,
        0.015643613040447236,
        0.015547195822000504,
        0.0154521269723773,
        0.015402301587164402,
        0.015353616140782834,
        0.015283422358334065,
        0.015202512219548225,
        0.015139648877084255,
        0.015065777115523815,
        0.015017481707036495,
        0.014995537884533405,
        0.014948217943310738,
        0.01489054448902607,
        0.014847422204911708
    ],
    "baseline Loss": [
        0.7975481152534485,
        0.5327681958675384,
        0.37461054921150205,
        0.26784063279628756,
        0.19460512697696686,
        0.1455003947019577,
        0.11347472965717316,
        0.092462058365345,
        0.07781318426132203,
        0.06682451590895652,
        0.0583798810839653,
        0.052023880928754804,
        0.04714849889278412,
        0.04329284206032753,
        0.040254870802164076,
        0.03751460388302803,
        0.03462730199098587,
        0.031865650415420534,
        0.029506161436438562,
        0.027582442760467528,
        0.026118970289826394,
        0.02510416731238365,
        0.024305151775479317,
        0.02348647713661194,
        0.022613519802689552,
        0.0217446755617857,
        0.0209062360227108,
        0.02011745385825634,
        0.019436097145080565,
        0.01891898661851883,
        0.018563427776098252,
        0.01831439547240734,
        0.018111904710531236,
        0.017918042466044427,
        0.01771996095776558,
        0.01752425208687782,
        0.01734662875533104,
        0.017198916152119638,
        0.017079328745603563,
        0.016976777091622354,
        0.016876348108053208,
        0.01676540933549404,
        0.01663978286087513,
        0.016505935788154603,
        0.01637168079614639,
        0.01624252125620842,
        0.016120335459709166,
        0.016004154458642006,
        0.01588890627026558,
        0.01577218361198902,
        0.01565333791077137
    ]
}