{
    "sum Loss": [
        0.06397899985313416,
        0.10030008107423782,
        0.04702790454030037,
        0.03835491091012955,
        0.033836737275123596,
        0.029493197798728943,
        0.02535421960055828,
        0.022059939801692963,
        0.020340217277407646,
        0.020563384518027306,
        0.02075989916920662,
        0.019799262285232544,
        0.018329359591007233,
        0.016918720677495003,
        0.015477863140404224,
        0.014384307898581028,
        0.014309954829514027,
        0.014694550074636936,
        0.014254286885261536,
        0.01307480875402689,
        0.012463799677789211,
        0.012466148473322392,
        0.012363098561763763,
        0.012111308053135872,
        0.01194970402866602,
        0.011644555255770683,
        0.011165203526616096,
        0.010994935408234596,
        0.011050031520426273,
        0.010927188210189342,
        0.010639757849276066,
        0.010426623746752739,
        0.010437440127134323,
        0.010401838459074497,
        0.010191468521952629,
        0.010022430680692196,
        0.009936726652085781,
        0.00983632355928421,
        0.009681141003966331,
        0.009578348137438297,
        0.00949518196284771,
        0.009372971951961517,
        0.009283849038183689,
        0.00920049101114273,
        0.009139493107795715,
        0.009036312811076641,
        0.008939076215028763,
        0.008869454264640808,
        0.008801058866083622,
        0.008704972453415394,
        0.008629660122096539
    ],
    "baseline Loss": [
        0.8350654244422913,
        0.4740629494190216,
        0.29397255182266235,
        0.19028730690479279,
        0.12939175963401794,
        0.09706882387399673,
        0.08059721440076828,
        0.07007280737161636,
        0.062265150249004364,
        0.05635988339781761,
        0.051977258175611496,
        0.04814271628856659,
        0.043654877692461014,
        0.03915579244494438,
        0.03564010187983513,
        0.03318677842617035,
        0.0316111221909523,
        0.03043731488287449,
        0.02888362854719162,
        0.02698119729757309,
        0.025314902886748314,
        0.024088885635137558,
        0.023189784958958626,
        0.022509528324007988,
        0.0219515822827816,
        0.02143649011850357,
        0.020943397656083107,
        0.020509883761405945,
        0.020158911123871803,
        0.01987258344888687,
        0.01962827518582344,
        0.01940751262009144,
        0.01919550821185112,
        0.018971534445881844,
        0.018727779388427734,
        0.018485993146896362,
        0.01826019585132599,
        0.018048018217086792,
        0.01784314028918743,
        0.01764075830578804,
        0.01744164153933525,
        0.017240960150957108,
        0.01703966222703457,
        0.016852036118507385,
        0.01668483018875122,
        0.016535328701138496,
        0.01640358380973339,
        0.016282713040709496,
        0.016159679740667343,
        0.016029970720410347,
        0.0158975962549448
    ]
}