{
    "sum Loss": [
        0.15465836673974992,
        0.09254347383975983,
        0.060474584251642226,
        0.05056540071964264,
        0.03228403702378273,
        0.040922058001160624,
        0.03588733896613121,
        0.030150362849235536,
        0.027488545328378678,
        0.026843871921300888,
        0.025853294506669046,
        0.0244248915463686,
        0.021891847997903825,
        0.01972769685089588,
        0.018180450424551964,
        0.01851816549897194,
        0.01838352270424366,
        0.01757982037961483,
        0.016044490970671177,
        0.015384936705231667,
        0.015157309733331204,
        0.01484831254929304,
        0.01458849124610424,
        0.014020818844437599,
        0.0135011974722147,
        0.01308143138885498,
        0.012795628421008587,
        0.012796107865869998,
        0.012691644206643104,
        0.012393213622272015,
        0.012030420824885368,
        0.011704190447926522,
        0.011687620356678963,
        0.011668277904391289,
        0.011404031701385976,
        0.011072378419339658,
        0.010925103165209293,
        0.010872379131615161,
        0.010716235637664795,
        0.010517205484211445,
        0.010327359475195409,
        0.010225333645939827,
        0.010109827853739262,
        0.00995559971779585,
        0.009775799699127674,
        0.009647127613425255,
        0.009537773951888085,
        0.009433004818856717,
        0.009318646229803561,
        0.009189600124955177,
        0.009096616134047508
    ],
    "mlp Loss": [
        0.4782326638698578,
        0.2220384508371353,
        0.11232764571905136,
        0.08067690581083298,
        0.06854652166366577,
        0.05740502774715424,
        0.048514463007450104,
        0.04425157457590103,
        0.04337691515684128,
        0.04101813584566116,
        0.03687000498175621,
        0.03517664223909378,
        0.035148555785417555,
        0.0350129209458828,
        0.033878835290670394,
        0.03204459398984909,
        0.03030306026339531,
        0.029102225601673127,
        0.028372738137841226,
        0.02784895822405815,
        0.02750655673444271,
        0.027018484473228455,
        0.026436105370521545,
        0.026052287966012954,
        0.025878731533885,
        0.025792678445577623,
        0.025703904032707215,
        0.02558068186044693,
        0.02542947046458721,
        0.025281955301761628,
        0.02521136850118637,
        0.025234538316726684,
        0.025258418917655946,
        0.02522558607161045,
        0.025179416686296464,
        0.025168338790535927,
        0.025196177512407304,
        0.025232775136828423,
        0.02523653246462345,
        0.025202587246894836,
        0.02517299950122833,
        0.02517465837299824,
        0.025189582630991934,
        0.02518230602145195,
        0.025149020180106164,
        0.025122856721282005,
        0.025127333775162696,
        0.025151293352246286,
        0.02516641765832901,
        0.025155263021588326,
        0.02512560710310936
    ],
    "attention Loss": [
        0.4460382997989655,
        0.08630519956350327,
        0.05866988673806191,
        0.04213343113660813,
        0.055311539024114606,
        0.04405404105782509,
        0.03795759454369545,
        0.038249668478965757,
        0.03444558382034302,
        0.032099978253245356,
        0.032263795658946035,
        0.03156457394361496,
        0.029601200297474862,
        0.025912278145551682,
        0.02635353393852711,
        0.02499605789780617,
        0.024940380081534385,
        0.024681395292282103,
        0.023591193929314615,
        0.022822706028819084,
        0.022474897280335426,
        0.021787851676344873,
        0.021997473761439325,
        0.021774303168058395,
        0.02123180255293846,
        0.021124114468693733,
        0.020951902121305467,
        0.020847229287028313,
        0.02075432799756527,
        0.020504984259605407,
        0.020303261280059815,
        0.02024950198829174,
        0.019960614666342736,
        0.019912809133529663,
        0.019910209625959397,
        0.019678468629717828,
        0.019555697217583656,
        0.0195089440792799,
        0.019354160502552988,
        0.019323894008994102,
        0.01923593766987324,
        0.01906614899635315,
        0.01898338682949543,
        0.018920670822262765,
        0.018847152963280676,
        0.01874353475868702,
        0.01863812282681465,
        0.018602387234568595,
        0.0184793084859848,
        0.01842295080423355,
        0.01834052912890911
    ],
    "baseline Loss": [
        0.810709810256958,
        0.4116326332092285,
        0.24178582131862641,
        0.15542507767677308,
        0.10967624932527542,
        0.08323927223682404,
        0.06676036268472671,
        0.055619433522224426,
        0.04758100137114525,
        0.04184394329786301,
        0.03734890967607498,
        0.03327915593981743,
        0.029758471250534057,
        0.02712191604077816,
        0.025287189334630967,
        0.023664576932787895,
        0.02215111702680588,
        0.020882760733366014,
        0.019797071069478988,
        0.018729601800441743,
        0.017712576314806938,
        0.016873903572559357,
        0.016235605254769324,
        0.015735830925405026,
        0.015321926027536393,
        0.014986580424010753,
        0.014754957892000676,
        0.014623966254293918,
        0.014535370841622352,
        0.014439522475004195,
        0.014331839419901371,
        0.014228831790387631,
        0.014145011454820633,
        0.014090358465909957,
        0.014064835384488106,
        0.014053398184478283,
        0.014032028615474701,
        0.01399841122329235,
        0.013966860249638557,
        0.013946171663701535,
        0.013923738338053226,
        0.013880981504917145,
        0.013813042268157005,
        0.013731706328690052,
        0.0136484544724226,
        0.013565476238727569,
        0.013476941175758839,
        0.013376452028751373,
        0.013266395404934883,
        0.013155389577150345,
        0.013049780391156673
    ]
}