{
    "Sum Loss 0": [
        0.9573743939399719,
        0.6435115933418274,
        0.4771174490451813,
        0.3473053574562073,
        0.23084548115730286,
        0.1498018354177475,
        0.10543694347143173,
        0.08690342307090759,
        0.0784805491566658,
        0.07414553314447403,
        0.0713701993227005,
        0.06754670292139053,
        0.06206551566720009,
        0.05778970941901207,
        0.05415800213813782,
        0.05060349032282829,
        0.04806259274482727,
        0.046085551381111145,
        0.043926648795604706,
        0.04218422994017601,
        0.040843188762664795,
        0.04007134959101677,
        0.03904178738594055,
        0.03778429329395294,
        0.03697262704372406,
        0.036405015736818314,
        0.03592231124639511,
        0.035445328801870346,
        0.034777894616127014,
        0.03432644158601761,
        0.03377944231033325,
        0.033344816416502,
        0.03288891166448593,
        0.03258185461163521,
        0.03231967240571976,
        0.031957678496837616,
        0.031660594046115875,
        0.031367335468530655,
        0.0311689842492342,
        0.03092338889837265,
        0.030697721987962723,
        0.030488241463899612,
        0.030327696353197098,
        0.03018184006214142,
        0.03003026731312275,
        0.02980954758822918,
        0.02962423488497734,
        0.029448922723531723,
        0.02931685745716095,
        0.029152311384677887,
        0.029010580852627754
    ],
    "Sum Loss 1": [
        0.26793989539146423,
        0.12927687168121338,
        0.09597314149141312,
        0.08868097513914108,
        0.07784458249807358,
        0.06414517015218735,
        0.0535682812333107,
        0.05050498619675636,
        0.04836003854870796,
        0.04749093949794769,
        0.04388526827096939,
        0.03804541751742363,
        0.03409668058156967,
        0.033784471452236176,
        0.03531990200281143,
        0.03550124168395996,
        0.03470541909337044,
        0.033332210034132004,
        0.03176027536392212,
        0.030395276844501495,
        0.02918558195233345,
        0.028398573398590088,
        0.028347425162792206,
        0.028639420866966248,
        0.028535902500152588,
        0.02793848142027855,
        0.027066614478826523,
        0.026239879429340363,
        0.025902504101395607,
        0.026004662737250328,
        0.02612151764333248,
        0.02596178650856018,
        0.025565149262547493,
        0.025161996483802795,
        0.024940013885498047,
        0.02491646260023117,
        0.024978362023830414,
        0.024929476901888847,
        0.02465250715613365,
        0.02431849204003811,
        0.02419816330075264,
        0.024194397032260895,
        0.024125471711158752,
        0.023981306701898575,
        0.02385317161679268,
        0.023791050538420677,
        0.023731660097837448,
        0.023636646568775177,
        0.023558001965284348,
        0.023502247408032417,
        0.023434873670339584
    ],
    "Sum Loss 2": [
        0.39031821489334106,
        0.12004517018795013,
        0.06836038082838058,
        0.06215518340468407,
        0.054834578186273575,
        0.04666933789849281,
        0.04673168435692787,
        0.046493880450725555,
        0.046088188886642456,
        0.04095921665430069,
        0.03836650401353836,
        0.03709493577480316,
        0.035716235637664795,
        0.034393563866615295,
        0.034225307404994965,
        0.03354618698358536,
        0.031678445637226105,
        0.029907533898949623,
        0.029349057003855705,
        0.02908245474100113,
        0.02833329141139984,
        0.02779867686331272,
        0.027929922565817833,
        0.027987556532025337,
        0.0275665745139122,
        0.027042029425501823,
        0.026608271524310112,
        0.026321137323975563,
        0.026052897796034813,
        0.025678208097815514,
        0.025300610810518265,
        0.02504546009004116,
        0.024876195937395096,
        0.02477039396762848,
        0.024653328582644463,
        0.024492230266332626,
        0.024372516199946404,
        0.024381808936595917,
        0.024407755583524704,
        0.024313127622008324,
        0.024156969040632248,
        0.024049676954746246,
        0.02400820143520832,
        0.023957757279276848,
        0.023861506953835487,
        0.0237673781812191,
        0.023716779425740242,
        0.02369450405240059,
        0.023644449189305305,
        0.02358471043407917,
        0.02356060780584812
    ],
    "Transfer + Attention Loss": [
        0.4387996196746826,
        0.06172184273600578,
        0.04217628017067909,
        0.03424247354269028,
        0.028622956946492195,
        0.04440894350409508,
        0.03009928949177265,
        0.03227899596095085,
        0.03300044685602188,
        0.029591383412480354,
        0.023875869810581207,
        0.02189398556947708,
        0.024806905537843704,
        0.023101037368178368,
        0.020356832072138786,
        0.019560756161808968,
        0.01993427611887455,
        0.020418355241417885,
        0.020339015871286392,
        0.019822297617793083,
        0.019403984770178795,
        0.019244151189923286,
        0.01921122521162033,
        0.01923971064388752,
        0.01909012906253338,
        0.018659386783838272,
        0.018302395939826965,
        0.018205760046839714,
        0.01816863752901554,
        0.01798126846551895,
        0.017705831676721573,
        0.017512565478682518,
        0.017447009682655334,
        0.017427343875169754,
        0.01725575514137745,
        0.016999896615743637,
        0.016936754807829857,
        0.017020251601934433,
        0.017021650448441505,
        0.016871733590960503,
        0.016736086457967758,
        0.01677161082625389,
        0.01683177798986435,
        0.01668904908001423,
        0.01655150018632412,
        0.016558920964598656,
        0.016548296436667442,
        0.01644463650882244,
        0.016373712569475174,
        0.016374735161662102,
        0.016307352110743523
    ],
    "Transfer + sum Loss": [
        0.2562282383441925,
        0.0961458757519722,
        0.06300698965787888,
        0.04542505741119385,
        0.029668323695659637,
        0.02619783952832222,
        0.03225813806056976,
        0.03067474067211151,
        0.02808789350092411,
        0.026527876034379005,
        0.02703430876135826,
        0.027040502056479454,
        0.026181863620877266,
        0.02534996159374714,
        0.02402425743639469,
        0.02114054001867771,
        0.01954665780067444,
        0.019909890368580818,
        0.01776324212551117,
        0.01611240580677986,
        0.014745642431080341,
        0.014562548138201237,
        0.014622123911976814,
        0.014023364521563053,
        0.013372428715229034,
        0.01287874300032854,
        0.012499409727752209,
        0.012424932792782784,
        0.012516152113676071,
        0.012309460900723934,
        0.011904886923730373,
        0.011652475222945213,
        0.011608539149165154,
        0.011530295945703983,
        0.011275656521320343,
        0.010982473380863667,
        0.010882261209189892,
        0.010892708785831928,
        0.010741551406681538,
        0.010536382906138897,
        0.010467061772942543,
        0.010438441298902035,
        0.010344093665480614,
        0.010247941128909588,
        0.010171730071306229,
        0.010076139122247696,
        0.010021609254181385,
        0.01000661589205265,
        0.009946305304765701,
        0.009844381362199783,
        0.009781177155673504
    ],