{
    "summation Loss": [
        0.2540930539369583,
        0.07586167752742767,
        0.05269118845462799,
        0.04338005855679512,
        0.03875400647521019,
        0.0353079155087471,
        0.03334153182804585,
        0.030354639515280724,
        0.02776232473552227,
        0.02545294016599655,
        0.02313748225569725,
        0.02130034565925598,
        0.020160236954689027,
        0.01890662536025047,
        0.017473436146974563,
        0.016381837241351605,
        0.01575643550604582,
        0.015073793567717075,
        0.014415780268609523,
        0.013977661542594434,
        0.01354883387684822,
        0.013066226243972778,
        0.012593327648937702,
        0.012253844179213047,
        0.012004812806844711,
        0.011774241924285889,
        0.011525294370949268,
        0.011234709247946739,
        0.010934481397271156,
        0.010742679983377457,
        0.01069682464003563,
        0.010641315393149853,
        0.010470790043473243,
        0.010273141786456108,
        0.010118176415562629,
        0.010027845576405525,
        0.009961230866611003,
        0.009861421957612037,
        0.009737697243690491,
        0.00964336097240448,
        0.009551673941314221,
        0.00945662148296833,
        0.009374671056866646,
        0.00929756872355938,
        0.00922186803072691,
        0.009149823151528836,
        0.009082070551812649,
        0.009008188359439373,
        0.008940909802913666,
        0.008872242085635662,
        0.008803872205317021
    ],
    "mlp Loss": [
        0.48992865085601806,
        0.25085252821445464,
        0.12708317041397094,
        0.0834794744849205,
        0.06978961676359177,
        0.06291632130742073,
        0.05666215866804123,
        0.051521819084882736,
        0.04925488978624344,
        0.048471953719854355,
        0.045553076267242434,
        0.04191375225782394,
        0.040370700508356096,
        0.0399298258125782,
        0.03875747621059418,
        0.03720701113343239,
        0.03598066568374634,
        0.03523593693971634,
        0.03462750241160393,
        0.03392255529761314,
        0.033166104555130006,
        0.03239641189575195,
        0.03160876631736755,
        0.030859507247805597,
        0.030309215560555457,
        0.030008922144770623,
        0.029867713898420335,
        0.029780660569667817,
        0.029635009914636613,
        0.0294160895049572,
        0.02919977344572544,
        0.02905545011162758,
        0.02901250049471855,
        0.02903791144490242,
        0.029053835198283195,
        0.029008764401078226,
        0.02891363874077797,
        0.02879646010696888,
        0.028698165714740754,
        0.028655893728137018,
        0.02866646312177181,
        0.028693380951881408,
        0.02870471328496933,
        0.02869267649948597,
        0.02866373024880886,
        0.02862852215766907,
        0.028595499321818353,
        0.028569953888654707,
        0.0285465806722641,
        0.02851535938680172,
        0.028472332656383513
    ],
    "attention Loss": [
        0.5193203210830688,
        0.06519467011094093,
        0.051965974271297455,
        0.058755715191364286,
        0.047150471806526185,
        0.0449977420270443,
        0.04311114847660065,
        0.0419416755437851,
        0.04126598387956619,
        0.05161094591021538,
        0.04695283025503159,
        0.04143593907356262,
        0.04040148667991161,
        0.03306634239852428,
        0.03487116433680058,
        0.03335604965686798,
        0.03348912112414837,
        0.03173352479934692,
        0.032264231517910955,
        0.031516727060079575,
        0.03092285692691803,
        0.03263674080371857,
        0.027544963359832763,
        0.026954658702015875,
        0.025248251482844354,
        0.024622995406389236,
        0.026216591149568556,
        0.027986177429556846,
        0.026259671524167062,
        0.02614406682550907,
        0.02402275800704956,
        0.022849380597472192,
        0.022033748775720598,
        0.02050885818898678,
        0.019750143215060235,
        0.01954311840236187,
        0.019161256775259972,
        0.018870729953050613,
        0.018784168921411038,
        0.018450857512652873,
        0.01791676487773657,
        0.017320605181157588,
        0.017026841267943384,
        0.016782735101878644,
        0.016543623059988022,
        0.016202112659811974,
        0.015939796902239324,
        0.015674745477735997,
        0.015442050620913505,
        0.015121177770197392,
        0.014872833713889122
    ],
    "baseline Loss": [
        0.7817310094833374,
        0.5092592537403107,
        0.34896326065063477,
        0.24058625102043152,
        0.17017621994018556,
        0.12613751888275146,
        0.09834863543510437,
        0.07988490909337997,
        0.06694773584604263,
        0.05756872892379761,
        0.05043145716190338,
        0.04477105289697647,
        0.0402838259935379,
        0.0364835150539875,
        0.03291805163025856,
        0.029687463864684106,
        0.027054934203624724,
        0.024997567757964134,
        0.02327396497130394,
        0.021744417399168013,
        0.020402150973677636,
        0.019275613129138947,
        0.01835004799067974,
        0.01758553273975849,
        0.016943683847784996,
        0.01640499383211136,
        0.01596271600574255,
        0.015593703091144561,
        0.015274521708488465,
        0.01498606763780117,
        0.014732105657458305,
        0.014529194869101047,
        0.01438891924917698,
        0.01430369559675455,
        0.014255553670227527,
        0.01422316711395979,
        0.01418908555060625,
        0.01414326075464487,
        0.014089512825012206,
        0.014034407585859299,
        0.01398404985666275,
        0.013937406241893768,
        0.01388631872832775,
        0.013827295042574406,
        0.01375882513821125,
        0.013678245060145856,
        0.013583208061754703,
        0.013477513939142228,
        0.013364972919225693,
        0.013250271789729595,
        0.013134708628058434
    ]
}