{
    "summation Accuracy": {
        "epoch": 27,
        "acc": 94.9076521396637
    },
    "mlp Accuracy": {
        "epoch": 14,
        "acc": 93.08707118034363
    },
    "attention Accuracy": {
        "epoch": 2,
        "acc": 95.22427439689636
    },
    "baseline Accuracy": {
        "epoch": 38,
        "acc": 88.04749131202698
    }
}