{
    "summation Loss": [
        0.12900426983833313,
        0.08008924871683121,
        0.06405402719974518,
        0.053267158567905426,
        0.04264643415808678,
        0.03651541471481323,
        0.0339273139834404,
        0.030198970809578896,
        0.026173366233706474,
        0.023681392893195152,
        0.022304801270365715,
        0.020986735820770264,
        0.01974579319357872,
        0.019052449613809586,
        0.018335169181227684,
        0.017312852665781975,
        0.016571147367358208,
        0.015947535634040833,
        0.01521845068782568,
        0.014521725475788116,
        0.014011174440383911,
        0.013752751983702183,
        0.013607124797999859,
        0.0132738146930933,
        0.012786087580025196,
        0.01239421684294939,
        0.012118919752538204,
        0.011846613138914108,
        0.011540748178958893,
        0.011269085109233856,
        0.01106111891567707,
        0.010845568031072617,
        0.010613943450152874,
        0.010423097759485245,
        0.010241369716823101,
        0.010021017864346504,
        0.009787183254957199,
        0.009593949653208256,
        0.00943966954946518,
        0.009258790872991085,
        0.009041954763233662,
        0.008845812641084194,
        0.008690960705280304,
        0.00853877142071724,
        0.008377768099308014,
        0.008233410306274891,
        0.008110121823847294,
        0.007972678169608116,
        0.007815120741724968,
        0.007673668675124645,
        0.007557703647762537
    ],
    "baseline Loss": [
        0.714667558670044,
        0.5152606964111328,
        0.38059762120246887,
        0.2873277962207794,
        0.22527335584163666,
        0.18274255096912384,
        0.1516832560300827,
        0.12803255021572113,
        0.10904529690742493,
        0.09342994540929794,
        0.08086726069450378,
        0.07088658958673477,
        0.06316409260034561,
        0.05741079896688461,
        0.05271272733807564,
        0.0481593944132328,
        0.04392322152853012,
        0.040373943746089935,
        0.03741542994976044,
        0.03480567783117294,
        0.03245745971798897,
        0.030362606048583984,
        0.02844316139817238,
        0.026570867747068405,
        0.02472223900258541,
        0.023014366626739502,
        0.02158045955002308,
        0.020456967875361443,
        0.019551647827029228,
        0.018741920590400696,
        0.017963193356990814,
        0.017200203612446785,
        0.01646234095096588,
        0.015765272080898285,
        0.015121858566999435,
        0.014544817619025707,
        0.014041705057024956,
        0.013609574176371098,
        0.013239024206995964,
        0.01292052585631609,
        0.012640208937227726,
        0.012387669645249844,
        0.012155912816524506,
        0.011938758194446564,
        0.011734816245734692,
        0.01154275331646204,
        0.011363730765879154,
        0.011198409833014011,
        0.011047315783798695,
        0.010912304744124413,
        0.01079560350626707
    ]
}