{
    "summation Accuracy": [
        0.5683794438838958,
        0.634255588054657,
        0.7757575869560241,
        0.7984189629554749,
        0.8202898621559143,
        0.8487483620643616,
        0.8616600751876831,
        0.8756258249282837,
        0.8835309505462646,
        0.8945981502532959,
        0.8985507369041443,
        0.9035573124885559,
        0.9067193627357483,
        0.9014492750167846,
        0.9030303001403809,
        0.903820812702179,
        0.9019762754440308,
        0.9014492750167846,
        0.9075098991394043,
        0.9135704755783081,
        0.9162055253982544,
        0.9201581001281738,
        0.920948612689972,
        0.9225296378135681,
        0.9227931380271912,
        0.9222661256790161,
        0.9233201503753662,
        0.9227931499481201,
        0.9230566501617432,
        0.9233201622962952,
        0.922266137599945,
        0.9233201503753662,
        0.9241106867790222,
        0.9246376872062683,
        0.9251646995544434,
        0.9251646757125854,
        0.9243741869926453,
        0.9238471746444702,
        0.9233201503753662,
        0.9227931380271912,
        0.9227931499481201,
        0.9227931499481201,
        0.9233201503753662,
        0.9230566620826721,
        0.9233201503753662,
        0.9243741869926453,
        0.9235836505889893,
        0.9238471627235413,
        0.9238471746444702,
        0.9238471627235413,
        0.9233201503753662
    ],
    "mlp Accuracy": [
        0.23241106569766998,
        0.43241106867790224,
        0.591304349899292,
        0.677470350265503,
        0.7720685124397277,
        0.7881422877311707,
        0.7939393997192383,
        0.7889328002929688,
        0.7949934005737305,
        0.8142292380332947,
        0.8345191001892089,
        0.8313570499420166,
        0.8300395369529724,
        0.8387351751327514,
        0.8392621874809265,
        0.8442687749862671,
        0.8561264872550964,
        0.8624505996704102,
        0.8685111999511719,
        0.8724637746810913,
        0.8745718121528625,
        0.8801054120063782,
        0.8816864371299744,
        0.8827404499053955,
        0.8832674503326416,
        0.8848484873771667,
        0.8874835252761841,
        0.8932806253433228,
        0.8969696998596192,
        0.8938076496124268,
        0.8906455874443054,
        0.8888010621070862,
        0.887220025062561,
        0.8866930127143859,
        0.8874835252761841,
        0.8906455993652344,
        0.8940711498260498,
        0.8990777134895325,
        0.8998682498931885,
        0.9003952503204345,
        0.9001317620277405,
        0.9011857748031616,
        0.9017127871513366,
        0.9025032877922058,
        0.904874837398529,
        0.9061923384666443,
        0.9069828629493714,
        0.9080368757247925,
        0.9106719255447387,
        0.9096179246902466,
        0.9093544244766235
    ],
    "attention Accuracy": [
        0.28642951250076293,
        0.5907773494720459,
        0.71172593832016,
        0.7707509875297547,
        0.8007905006408691,
        0.8440052628517151,
        0.8653491377830506,
        0.8890645503997803,
        0.9133069753646851,
        0.9069828748703003,
        0.8993412375450134,
        0.8940711498260498,
        0.8898550748825074,
        0.8859025001525879,
        0.8830039381980896,
        0.8830039381980896,
        0.887747049331665,
        0.8909090876579284,
        0.8940711379051208,
        0.8998682618141174,
        0.9048748254776001,
        0.9101449131965638,
        0.9133069753646851,
        0.9138339996337891,
        0.9154150247573852,
        0.9162055373191833,
        0.9183135747909545,
        0.9204216003417969,
        0.920948612689972,
        0.92173912525177,
        0.922002625465393,
        0.9204216122627258,
        0.9206851124763489,
        0.9204216003417969,
        0.921475613117218,
        0.922266137599945,
        0.922002637386322,
        0.922002625465393,
        0.9222661256790161,
        0.9230566501617432,
        0.9230566501617432,
        0.9225296378135681,
        0.922002625465393,
        0.922266137599945,
        0.9225296378135681,
        0.9230566382408142,
        0.9233201622962952,
        0.9233201622962952,
        0.9235836625099182,
        0.9227931499481201,
        0.921475613117218
    ],
    "baseline Accuracy": [
        0.45085638761520386,
        0.5581027805805207,
        0.643741762638092,
        0.6948616623878479,
        0.7309617877006531,
        0.7454545378684998,
        0.7399209499359131,
        0.7320158123970032,
        0.7349143743515014,
        0.7530961871147156,
        0.7723320007324219,
        0.7810276627540589,
        0.7894598245620728,
        0.7952569246292114,
        0.8042160868644714,
        0.80895916223526,
        0.8092226505279541,
        0.808695650100708,
        0.8068511128425598,
        0.8039525628089905,
        0.8031620621681214,
        0.8039525747299194,
        0.8036890745162963,
        0.8063241004943847,
        0.808432137966156,
        0.8115942001342773,
        0.8121212124824524,
        0.8113306999206543,
        0.8115941882133484,
        0.8129117250442505,
        0.817127799987793,
        0.8184453248977661,
        0.8210803747177124,
        0.8221343994140625,
        0.8234519124031067,
        0.8231884121894837,
        0.8234519004821778,
        0.8255599498748779,
        0.8268774747848511,
        0.8276679754257202,
        0.8276679873466491,
        0.8255599498748779,
        0.8242424130439758,
        0.8252964496612549,
        0.8268774747848511,
        0.8292490005493164,
        0.8313570499420166,
        0.8334650993347168,
        0.8337285876274109,
        0.8329380869865417,
        0.8318840622901916
    ]
}