{
    "summation Loss": [
        0.21993509829044341,
        0.1125271499156952,
        0.07772304117679596,
        0.06199317201972008,
        0.04944627210497856,
        0.042986764758825305,
        0.039382568746805194,
        0.03575496301054955,
        0.03193072155117989,
        0.029800957813858987,
        0.028778163716197014,
        0.027824245393276215,
        0.026875051483511925,
        0.025598037987947464,
        0.023955924063920976,
        0.0225050151348114,
        0.021633379533886908,
        0.021177462488412856,
        0.020619992539286612,
        0.01983219347894192,
        0.01920452490448952,
        0.018756768107414244,
        0.018351833894848825,
        0.018004367873072625,
        0.017682234197854994,
        0.017376153171062468,
        0.017142773419618607,
        0.01699535846710205,
        0.016862590238451956,
        0.01667541265487671,
        0.016498278453946115,
        0.016396132111549378,
        0.01632133573293686,
        0.016227422282099724,
        0.016104859113693238,
        0.015976576134562492,
        0.015884016081690787,
        0.015837553329765795,
        0.015798691660165787,
        0.015740488469600678,
        0.015680286288261413,
        0.015628127753734587,
        0.015572419576346874,
        0.015514991618692875,
        0.015460986830294132,
        0.015415671095252038,
        0.015380335785448552,
        0.015334882773458958,
        0.015271222963929177,
        0.015212705172598363,
        0.015165372006595134
    ],
    "mlp Loss": [
        0.49459798336029054,
        0.28010594844818115,
        0.15867415368556975,
        0.11174346804618836,
        0.09319482445716858,
        0.08466962873935699,
        0.07679891884326935,
        0.06790963560342789,
        0.05958426147699356,
        0.0545105591416359,
        0.052471625804901126,
        0.050176987797021864,
        0.0462670125067234,
        0.0415607638657093,
        0.03793609142303467,
        0.03631641268730164,
        0.03611482456326485,
        0.0362101249396801,
        0.03573276624083519,
        0.034517154842615125,
        0.03311113119125366,
        0.03182360827922821,
        0.030702726170420646,
        0.02984238266944885,
        0.029286452755331992,
        0.028892843052744865,
        0.02846391871571541,
        0.02794554829597473,
        0.027433514967560767,
        0.027020424231886865,
        0.026716335490345956,
        0.026481287181377412,
        0.026271491870284082,
        0.026058770716190338,
        0.02584090493619442,
        0.02564309760928154,
        0.025505898520350456,
        0.025456734001636505,
        0.02547321692109108,
        0.025484908372163773,
        0.025439394265413286,
        0.025349949300289155,
        0.025267834961414336,
        0.025225429236888884,
        0.025213903933763503,
        0.025201963633298873,
        0.02516735978424549,
        0.02511162720620632,
        0.02505180463194847,
        0.025004356727004053,
        0.024971937388181688
    ],
    "attention Loss": [
        0.4628290355205536,
        0.12809669077396393,
        0.0726891964673996,
        0.07274402603507042,
        0.05900660380721092,
        0.04877705574035644,
        0.05089753121137619,
        0.04380674138665199,
        0.03877630978822708,
        0.03624396547675133,
        0.03397885523736477,
        0.03142234720289707,
        0.028694546595215798,
        0.02705101780593395,
        0.026406272873282434,
        0.025720952823758126,
        0.025073036178946496,
        0.02435713857412338,
        0.023481283336877823,
        0.022595612332224846,
        0.021842605248093606,
        0.02119138017296791,
        0.02057725042104721,
        0.020088129863142967,
        0.01964116357266903,
        0.019162055104970932,
        0.01882561221718788,
        0.018599596992135047,
        0.0183269914239645,
        0.018014681339263917,
        0.017748063802719115,
        0.017533494904637337,
        0.01731254942715168,
        0.017121263593435288,
        0.01696537509560585,
        0.016810886561870575,
        0.016653461381793022,
        0.016531463339924814,
        0.016428005322813986,
        0.016304938308894634,
        0.016203705221414566,
        0.016131061129271984,
        0.01605819296091795,
        0.015963532030582428,
        0.015871800668537616,
        0.015776942670345306,
        0.015698840282857417,
        0.015631341934204103,
        0.015560974180698395,
        0.015479594096541404,
        0.015407966263592244
    ],
    "baseline Loss": [
        0.8076432704925537,
        0.5636565923690796,
        0.41036896109580995,
        0.299905389547348,
        0.22158118188381196,
        0.16903265416622162,
        0.1354756772518158,
        0.11428411602973938,
        0.09967753738164901,
        0.08846875131130219,
        0.07950611561536788,
        0.07225644588470459,
        0.06624856740236282,
        0.061170081794261935,
        0.0568092942237854,
        0.05296500325202942,
        0.049420613795518875,
        0.04604554399847984,
        0.04281108006834984,
        0.039806941896677016,
        0.03720861300826073,
        0.0351375550031662,
        0.03356214798986912,
        0.03233334645628929,
        0.0312740471214056,
        0.030246428027749062,
        0.029208012297749518,
        0.02821299508213997,
        0.02732534408569336,
        0.02656606175005436,
        0.025922563672065736,
        0.02537405975162983,
        0.024899363145232202,
        0.02448018975555897,
        0.02410031445324421,
        0.023743800073862075,
        0.023399677500128745,
        0.023064765334129333,
        0.022745120525360107,
        0.02244565635919571,
        0.022169920429587365,
        0.021922383829951285,
        0.02170466035604477,
        0.021512913331389428,
        0.021338511258363724,
        0.02117452584207058,
        0.021012985333800315,
        0.02084912285208702,
        0.020682808384299277,
        0.02051628567278385,
        0.02035338170826435
    ]
}