{
    "summation Loss": [
        0.2988580703735352,
        0.09714023619890214,
        0.07098095640540122,
        0.06165195032954216,
        0.04250029698014259,
        0.03898806646466255,
        0.039870667085051534,
        0.0342265497893095,
        0.03034158907830715,
        0.028503930568695067,
        0.027604322507977487,
        0.02538595125079155,
        0.022598759457468986,
        0.021296753361821175,
        0.020452843233942985,
        0.01863297037780285,
        0.017041127383708953,
        0.01668445598334074,
        0.0165802838280797,
        0.01560649499297142,
        0.014723876491189003,
        0.014475150033831596,
        0.01432639081031084,
        0.013772883452475071,
        0.013098306581377983,
        0.01258427444845438,
        0.01241729874163866,
        0.012341698817908763,
        0.01187682282179594,
        0.011410432122647762,
        0.011247425898909568,
        0.011143281683325767,
        0.010950452834367751,
        0.010760175250470638,
        0.010589568316936493,
        0.010443595051765443,
        0.010260692611336709,
        0.010096930526196956,
        0.010039597749710083,
        0.009946668520569801,
        0.009784843772649765,
        0.009651549719274044,
        0.009589807130396366,
        0.009509353153407573,
        0.0093652980402112,
        0.009274385869503021,
        0.0092214222997427,
        0.009146478958427906,
        0.009070168249309063,
        0.00900126937776804,
        0.008942685276269912
    ],
    "mlp Loss": [
        0.29419711232185364,
        0.1070987731218338,
        0.06890591084957123,
        0.05828906521201134,
        0.04829510450363159,
        0.04070068001747131,
        0.03774294331669807,
        0.038420114666223526,
        0.03426307961344719,
        0.02973838187754154,
        0.028084191679954528,
        0.027717915549874305,
        0.026948949322104454,
        0.02526000328361988,
        0.02321971170604229,
        0.021328000351786613,
        0.020099019259214403,
        0.019637760519981385,
        0.01921783573925495,
        0.01848437897861004,
        0.017751969024538995,
        0.017220721393823624,
        0.01684835124760866,
        0.016518692672252654,
        0.016143786534667016,
        0.01579923592507839,
        0.01557252686470747,
        0.015395100042223931,
        0.015203595347702503,
        0.015015322901308536,
        0.014837776869535446,
        0.014635427296161652,
        0.014397658780217171,
        0.014200846292078495,
        0.014104424789547921,
        0.01405979711562395,
        0.013959048129618169,
        0.013810181990265846,
        0.013697470538318157,
        0.01363209318369627,
        0.013579170964658261,
        0.013511894829571247,
        0.01343003436923027,
        0.013353331387043,
        0.01327871847897768,
        0.013197935931384564,
        0.013129292614758014,
        0.013076744973659515,
        0.013019259087741375,
        0.012945932894945144,
        0.01286962367594242
    ],
    "attention Loss": [
        0.5211117088794708,
        0.09195240885019303,
        0.05161446258425713,
        0.044593996554613116,
        0.03907245695590973,
        0.05062812939286232,
        0.036100707948207855,
        0.038847015053033826,
        0.03876558467745781,
        0.03638869524002075,
        0.03343191333115101,
        0.029705481603741646,
        0.025791433826088905,
        0.024331452324986458,
        0.024326082319021225,
        0.023706035688519478,
        0.023021697252988815,
        0.023195753619074822,
        0.023423346132040022,
        0.023233173042535783,
        0.02249709591269493,
        0.021698829904198646,
        0.02117994837462902,
        0.02097674384713173,
        0.02066825218498707,
        0.020228175446391106,
        0.019922053441405296,
        0.019698889926075935,
        0.019661759957671165,
        0.01951553374528885,
        0.01914898492395878,
        0.018821918219327927,
        0.018701908364892005,
        0.01859201304614544,
        0.018456075713038443,
        0.0183213546872139,
        0.018197551369667053,
        0.01813601069152355,
        0.01804559864103794,
        0.017885459959506987,
        0.01777886487543583,
        0.017734671384096144,
        0.017632496356964112,
        0.01751844249665737,
        0.017430800572037698,
        0.01738932467997074,
        0.0173147838562727,
        0.01720331609249115,
        0.017146047204732895,
        0.01710391715168953,
        0.01700277216732502
    ],
    "baseline Loss": [
        0.8405033230781556,
        0.5714134216308594,
        0.4104548990726471,
        0.2991438329219818,
        0.22230049967765808,
        0.16974270939826966,
        0.13437486290931702,
        0.11047331094741822,
        0.09338207542896271,
        0.08046580702066422,
        0.07062608450651169,
        0.06331218853592872,
        0.05741436183452606,
        0.052155735343694686,
        0.04761599004268646,
        0.043740053474903104,
        0.04039227142930031,
        0.03755372762680054,
        0.035054329037666324,
        0.03268366530537605,
        0.030493709817528726,
        0.028692197054624557,
        0.02726900614798069,
        0.025959676131606102,
        0.02478061504662037,
        0.02388605661690235,
        0.023208892345428465,
        0.02255494296550751,
        0.021843542531132697,
        0.021148692443966867,
        0.020568127557635308,
        0.02012294568121433,
        0.019772202521562577,
        0.01946858540177345,
        0.019187573716044425,
        0.018925001472234727,
        0.018684332072734833,
        0.018472997471690178,
        0.01829705908894539,
        0.018154581263661384,
        0.018035762757062913,
        0.017923685908317565,
        0.017804426327347755,
        0.01767657361924648,
        0.017546352371573447,
        0.017418479546904564,
        0.017297514155507086,
        0.01718370392918587,
        0.017072299495339394,
        0.016959335654973984,
        0.016840995848178865
    ]
}