{
    "dataset": "AIFB",
    "sum": "bisim",
    "exp": null,
    "epochs": 51,
    "emb": 64,
    "i": 3,
    "lr": 0.01,
    "hl": 16,
    "summation accuracy": {
        "epoch": 45,
        "acc": 94.5669949054718
    },
    "mlp accuracy": {
        "epoch": 45,
        "acc": 67.11601416269937
    },
    "attention accuracy": {
        "epoch": 42,
        "acc": 73.48856131235758
    },
    "baseline accuracy": {
        "epoch": 48,
        "acc": 88.27614386876425
    },
    "Test acc summation": {
        "mean": 0.9471593101819357,
        "std": 0.00717339426804459
    },
    "Test acc mlp": {
        "mean": 0.6567342082659403,
        "std": 0.027456733618944615
    },
    "Test acc attention": {
        "mean": 0.7203019460042318,
        "std": 0.014960800873632852
    },
    "Test acc baseline": {
        "mean": 0.8736591339111328,
        "std": 0.005919622604823227
    },
    "Test F1 micro summation": {
        "mean": 0.9528249395392153,
        "std": 0.0033574516856559678
    },
    "Test F1 micro mlp": {
        "mean": 0.760194964921335,
        "std": 0.02695156610981021
    },
    "Test F1 micro attention": {
        "mean": 0.812558738281441,
        "std": 0.007210309941537093
    },
    "Test F1 micro baseline": {
        "mean": 0.9098039048366625,
        "std": 0.005333931663011181
    },
    "Test F1 macro summation": {
        "mean": 0.6313152684808673,
        "std": 0.025402415790919564
    },
    "Test F1 macro mlp": {
        "mean": 0.17247122332513706,
        "std": 0.020146091524208095
    },
    "Test F1 macro attention": {
        "mean": 0.2335059598983554,
        "std": 0.012381511441844286
    },
    "Test F1 macro baseline": {
        "mean": 0.4802627997906155,
        "std": 0.033437268226420784
    }
}