{
    "dataset": "AIFB",
    "sum": "attr",
    "exp": null,
    "epochs": 51,
    "emb": 63,
    "i": 3,
    "lr": 0.01,
    "hl": 16,
    "e_trans": true,
    "w_trans": true,
    "create_attr_sum": false,
    "summation accuracy": {
        "epoch": 46,
        "acc": 93.915857605178
    },
    "mlp accuracy": {
        "epoch": 30,
        "acc": 94.62783171521035
    },
    "attention accuracy": {
        "epoch": 25,
        "acc": 94.88673139158577
    },
    "baseline accuracy": {
        "epoch": 36,
        "acc": 78.44660194174757
    },
    "Test acc summation": {
        "mean": 0.9508090614886732,
        "std": 0.0009153485840602448
    },
    "Test acc mlp": {
        "mean": 0.9598705501618122,
        "std": 0.0009153485840602448
    },
    "Test acc attention": {
        "mean": 0.9624595469255662,
        "std": 0.005567848069283277
    },
    "Test acc baseline": {
        "mean": 0.8323624595469257,
        "std": 0.014984902139534283
    },
    "Test F1 weighted summation": {
        "mean": 0.9774551712330193,
        "std": 0.0007172558584406031
    },
    "Test F1 weighted mlp": {
        "mean": 0.9813940786586114,
        "std": 0.0011881540021542634
    },
    "Test F1 weighted attention": {
        "mean": 0.9825032584283587,
        "std": 0.0018296824695634034
    },
    "Test F1 weighted baseline": {
        "mean": 0.9119376888178544,
        "std": 0.006556028162566287
    },
    "Test F1 macro summation": {
        "mean": 0.9662025087212126,
        "std": 0.0011721616289879955
    },
    "Test F1 macro mlp": {
        "mean": 0.9707212850525703,
        "std": 0.0017316231828110326
    },
    "Test F1 macro attention": {
        "mean": 0.9719414265558806,
        "std": 0.0030406208949141354
    },
    "Test F1 macro baseline": {
        "mean": 0.837956239033446,
        "std": 0.01023289491529018
    }
}