{
    "dataset": "AIFB1",
    "sum": "attr",
    "exp": null,
    "epochs": 51,
    "emb": 63,
    "i": 3,
    "lr": 0.01,
    "hl": 16,
    "e_trans": true,
    "w_trans": true,
    "summation accuracy": {
        "epoch": 25,
        "acc": 88.67256637168141
    },
    "mlp accuracy": {
        "epoch": 18,
        "acc": 87.78761061946904
    },
    "attention accuracy": {
        "epoch": 43,
        "acc": 88.14159292035399
    },
    "baseline accuracy": {
        "epoch": 49,
        "acc": 78.70206489675516
    },
    "Test acc summation": {
        "mean": 0.8920353982300885,
        "std": 0.005210478387214034
    },
    "Test acc mlp": {
        "mean": 0.8766961651917403,
        "std": 0.008217338216627831
    },
    "Test acc attention": {
        "mean": 0.88023598820059,
        "std": 0.012952506430737537
    },
    "Test acc baseline": {
        "mean": 0.7823008849557521,
        "std": 0.008046124894976903
    },
    "Test F1 weighted summation": {
        "mean": 0.9339447660447538,
        "std": 0.0016709629653670116
    },
    "Test F1 weighted mlp": {
        "mean": 0.91925136630586,
        "std": 0.006972006013795444
    },
    "Test F1 weighted attention": {
        "mean": 0.9257188292918052,
        "std": 0.009139327504900312
    },
    "Test F1 weighted baseline": {
        "mean": 0.8709266756958222,
        "std": 0.0029524087680645556
    },
    "Test F1 macro summation": {
        "mean": 0.5510917770639789,
        "std": 0.011308368272265142
    },
    "Test F1 macro mlp": {
        "mean": 0.5429422778244567,
        "std": 0.022832781346191818
    },
    "Test F1 macro attention": {
        "mean": 0.5378830179757116,
        "std": 0.027278056281116295
    },
    "Test F1 macro baseline": {
        "mean": 0.4128720342734608,
        "std": 0.0163965025448201
    }
}